ID,Marca,Procesador,RAM_GB,Almacenamiento_GB,Tipo_Disco,Sistema_Operativo,Temperatura_CPU_C,Temperatura_GPU_C,Uso_CPU_%,Uso_RAM_%,Uso_Disco_%,Bateria_Salud_%,Fecha_Revision,Modelo_GPU,Uso_GPU_%,VRAM_GB
1,HP,Intel i5,8,1024,SSD,Windows 11,39,64,41,51,77,99,2023-09-08,RTX 3070,39,4
2,,Intel i9,8,1024,SSD,Windows 11,62,30,42,60,22,61,2023-01-10,GTX 1650,31,12
3,Asus,Ryzen 7,32,512,SSD,MacOS,59,47,17,62,30,100,2023-02-20,AMD Radeon,36,
4,Lenovo,Ryzen 5,8,1024,HDD,Windows 11,69,35,42,26,54,77,2023-12-15,RTX 3070,53,12
5,Dell,Ryzen 7,8,1024,HDD,MacOS,43,56,27,100,75,86,2023-10-21,RTX 3060,76,8
6,Dell,Ryzen 5,16,1024,HDD,Windows 10,55,49,41,70,64,72,2023-05-09,Intel Iris,6,8
7,Dell,Ryzen 5,8,2048,SSD,Ubuntu,34,36,7,64,100,93,2023-09-06,RTX 3060,14,6
8,Apple,Ryzen 7,16,128,SSD,MacOS,65,75,41,105,32,86,2023-04-12,AMD Radeon,37,4
9,Asus,Intel i7,4,1024,SSD,Windows 10,62,50,32,74,51,67,2023-12-03,GTX 1650,40,6
10,Asus,Intel i9,8,256,HDD,Windows 11,62,43,43,57,100,62,2023-03-24,AMD Radeon,35,8
11,Dell,Intel i7,4,512,HDD,Windows 10,55,46,57,47,73,58,2023-07-10,RTX 3060,28,
12,,Ryzen 9,4,512,SSD,Ubuntu,61,74,48,71,92,82,2023-05-23,RTX 3060,15,6
13,Apple,Ryzen 7,32,512,SSD,Windows 11,79,63,69,67,100,88,2023-08-25,RTX 3080,27,4
14,HP,Intel i5,8,512,HDD,Ubuntu,50,47,40,43,52,89,2023-10-14,RTX 3080,56,6
15,Dell,Ryzen 5,16,1024,SSD,Windows 10,57,35,65,88,67,78,2023-10-04,RTX 3070,41,12
16,Dell,Ryzen 7,8,512,HDD,Windows 10,38,37,78,65,63,62,2023-10-18,AMD Radeon,53,4
17,HP,Intel i5,8,1024,SSD,Windows 10,41,42,56,74,21,69,2023-06-18,Intel Iris,15,4
18,Lenovo,Ryzen 5,32,512,SSD,Windows 11,999,57,49,87,62,97,2023-05-24,GTX 1650,68,6
19,Lenovo,Ryzen 7,4,256,HDD,Windows 11,71,61,60,60,92,72,2023-07-03,RTX 3060,28,4
20,HP,Intel i5,16,1024,HDD,MacOS,51,39,57,66,83,82,2023-02-14,Intel Iris,49,2
21,Asus,Ryzen 5,,512,SSD,Ubuntu,51,62,75,76,85,63,2023-08-31,Intel Iris,37,4
22,Dell,Intel i7,16,512,HDD,Windows 11,48,36,69,45,60,85,2023-11-11,RTX 3080,29,8
23,HP,Ryzen 7,32,1024,SSD,,46,40,70,61,53,73,2023-09-25,AMD Radeon,48,2
24,HP,Ryzen 9,4,512,SSD,Ubuntu,59,30,51,62,100,95,2023-09-10,RTX 3060,52,6
25,Lenovo,Ryzen 7,8,256,SSD,MacOS,32,30,58,40,57,91,2023-10-16,RTX 3070,93,8
26,Asus,Intel i9,8,512,SSD,Windows 11,74,36,58,100,77,72,2023-07-31,RTX 3060,52,12
27,Dell,Ryzen 7,16,2048,SSD,Windows 10,45,49,19,31,74,78,2023-06-26,Intel Iris,52,
28,Lenovo,Ryzen 7,,1024,HDD,Windows 10,65,35,76,34,100,71,2023-01-21,GTX 1650,62,6
29,Lenovo,Intel i7,8,1024,SSD,Ubuntu,35,72,8,86,94,58,2023-11-12,RTX 3070,50,12
30,Dell,Ryzen 7,16,1024,SSD,Windows 10,65,36,67,74,37,67,2023-02-21,RTX 3060,39,2
31,Asus,Intel i5,8,256,SSD,Windows 11,65,52,56,39,40,82,2023-08-21,RTX 3060,46,8
32,Dell,Ryzen 5,16,512,HDD,Windows 11,60,69,42,72,84,84,2023-05-03,RTX 3060,57,6
33,Dell,Intel i7,8,1024,HDD,Windows 11,40,51,59,89,68,82,2023-12-28,RTX 3080,67,4
34,Apple,Intel i5,,256,,Ubuntu,58,44,60,59,58,75,2023-04-10,RTX 3070,9,6
35,,Intel i5,16,512,HDD,Windows 10,37,52,17,100,95,93,2023-08-02,RTX 3070,2,4
36,Apple,Ryzen 5,8,512,,Windows 11,51,41,85,25,74,80,2023-11-23,Intel Iris,66,8
37,HP,Intel i7,8,512,,Ubuntu,70,34,51,73,71,90,2023-05-15,RTX 3080,24,4
38,Dell,Ryzen 5,8,,SSD,,66,59,100,83,89,53,2023-11-14,Intel Iris,6,6
39,Asus,Intel i5,8,256,SSD,Ubuntu,55,41,69,77,60,21,2023-08-06,RTX 3060,4,4
40,Lenovo,Intel i7,8,512,SSD,MacOS,40,64,51,55,100,84,2023-03-29,RTX 3070,76,4
41,Dell,Intel i9,32,256,SSD,Ubuntu,64,61,32,54,50,58,2023-10-07,RTX 3080,57,
42,Lenovo,Ryzen 7,16,,HDD,Windows 11,55,52,47,68,86,76,2023-02-09,RTX 3060,24,8
43,Dell,Intel i7,16,256,SSD,Windows 10,20,64,53,76,100,75,2023-08-28,RTX 3060,24,12
44,Apple,Ryzen 5,8,512,SSD,Ubuntu,66,41,86,72,35,100,2023-11-28,Intel Iris,41,4
45,HP,Ryzen 7,32,1024,SSD,Ubuntu,54,61,80,80,61,85,2023-05-16,AMD Radeon,57,4
46,Asus,Ryzen 5,16,1024,SSD,Ubuntu,73,61,61,39,98,82,2023-07-01,RTX 3060,34,6
47,HP,Intel i7,4,512,SSD,Windows 11,38,45,94,55,98,92,2023-09-22,RTX 3070,24,6
48,Lenovo,Intel i5,16,512,SSD,Windows 11,7,43,1,41,65,85,2023-09-16,AMD Radeon,62,4
49,Lenovo,Ryzen 7,16,512,SSD,Windows 11,59,54,61,52,51,73,2023-07-01,RTX 3060,39,8
50,Dell,Intel i5,4,512,HDD,Windows 11,59,79,81,80,93,96,2023-01-21,GTX 1650,36,4
51,,Ryzen 7,8,256,SSD,Windows 10,29,46,63,62,99,63,2023-12-17,AMD Radeon,51,4
52,Asus,Intel i9,8,512,SSD,MacOS,40,43,16,100,40,84,2023-07-15,AMD Radeon,1,4
53,Apple,Ryzen 7,8,512,SSD,Windows 10,96,67,84,63,39,56,2023-07-31,RTX 3080,49,6
54,Apple,Ryzen 7,32,512,SSD,Windows 10,50,51,69,61,75,83,2023-01-16,RTX 3060,48,8
55,Lenovo,,32,1024,SSD,Windows 11,65,62,58,62,85,82,2023-07-21,RTX 3070,12,6
56,Apple,Intel i7,16,,HDD,Ubuntu,45,72,52,47,62,100,2023-12-29,Intel Iris,1,6
57,Dell,Ryzen 7,8,1024,SSD,Windows 11,23,30,99,58,86,56,2023-08-06,AMD Radeon,28,4
58,Dell,Intel i9,8,256,HDD,Windows 10,52,49,61,82,52,70,2023-04-03,GTX 1650,43,12
59,Dell,Intel i9,16,256,SSD,Windows 11,51,46,43,62,17,92,2023-05-13,Intel Iris,45,12
60,HP,Ryzen 5,16,,,Windows 11,49,35,29,44,59,85,2023-05-19,Intel Iris,74,6
61,HP,Ryzen 7,4,512,HDD,MacOS,53,30,68,41,71,82,2023-06-06,GTX 1650,43,2
62,HP,Ryzen 9,16,256,HDD,MacOS,58,30,74,50,63,65,2023-12-01,Intel Iris,12,6
63,Apple,Ryzen 7,32,1024,SSD,Windows 11,52,51,51,61,41,71,2023-03-11,GTX 1650,34,6
64,HP,Intel i9,8,1024,HDD,Windows 11,36,41,36,83,24,98,2023-10-31,RTX 3080,14,
65,HP,Intel i9,4,1024,SSD,Ubuntu,62,37,83,33,57,79,2023-01-15,RTX 3070,36,
66,Lenovo,Ryzen 5,16,512,HDD,Windows 10,25,51,27,53,92,85,2023-08-23,Intel Iris,68,8
67,Dell,Intel i7,8,128,HDD,Windows 11,24,39,99,62,100,78,2023-07-31,RTX 3080,49,2
68,Apple,Intel i5,8,,,Windows 11,66,69,31,23,99,62,2023-10-17,RTX 3070,25,12
69,Dell,Intel i7,8,512,SSD,MacOS,62,40,18,43,49,94,2023-03-01,Intel Iris,51,6
70,,Intel i7,8,1024,SSD,Windows 10,54,72,21,46,41,87,2023-09-09,GTX 1650,24,8
71,Asus,Intel i7,16,1024,SSD,Windows 11,34,49,22,44,82,100,2023-01-02,AMD Radeon,1,6
72,Dell,Intel i7,16,1024,SSD,Ubuntu,44,40,44,63,85,64,2023-08-24,RTX 3060,15,4
73,Dell,Intel i5,8,512,SSD,Windows 11,51,39,38,56,80,92,2023-12-02,GTX 1650,49,6
74,Apple,Intel i5,32,512,SSD,Windows 10,999,72,75,48,19,60,2023-01-19,RTX 3070,55,4
75,Asus,Ryzen 9,32,1024,SSD,,43,60,72,68,48,82,2023-02-18,AMD Radeon,74,4
76,Asus,Intel i9,32,2048,SSD,Windows 11,64,38,44,94,69,94,2023-03-19,RTX 3060,46,8
77,Asus,Intel i7,8,2048,SSD,Ubuntu,76,51,100,92,82,48,2023-01-28,GTX 1650,66,2
78,Dell,Ryzen 5,8,256,HDD,Windows 10,48,30,44,21,89,76,2023-02-17,Intel Iris,52,4
79,HP,Intel i7,,256,SSD,Windows 11,66,30,47,71,73,71,2023-04-06,RTX 3070,58,4
80,Dell,Ryzen 7,16,2048,HDD,Windows 11,26,38,18,56,78,69,2023-06-14,AMD Radeon,62,6
81,Apple,Ryzen 7,4,1024,SSD,Windows 10,64,38,47,63,72,85,2023-12-31,Intel Iris,49,
82,Asus,Intel i5,4,2048,HDD,Windows 10,42,68,57,52,87,96,2023-06-25,RTX 3070,61,4
83,HP,Intel i9,8,256,SSD,MacOS,59,30,20,62,77,78,2023-03-14,RTX 3060,26,4
84,Dell,Ryzen 7,32,1024,SSD,Windows 10,51,30,37,63,71,83,2023-12-22,RTX 3070,1,12
85,HP,Ryzen 7,16,1024,HDD,Windows 10,74,56,58,48,63,81,2023-01-29,RTX 3070,53,8
86,HP,Intel i9,8,1024,HDD,Windows 11,41,53,36,42,72,80,2023-06-06,Intel Iris,47,2
87,Asus,Ryzen 5,8,512,HDD,Ubuntu,64,44,31,51,82,63,2023-11-10,AMD Radeon,22,8
88,Asus,Intel i5,16,128,SSD,Windows 10,50,80,69,64,76,96,2023-10-31,RTX 3060,14,6
89,Apple,,32,1024,SSD,Windows 11,52,59,17,71,79,84,2023-10-06,RTX 3080,42,8
90,Lenovo,Intel i7,8,512,HDD,Windows 10,52,68,22,77,100,85,2023-10-10,RTX 3080,54,6
91,Dell,Ryzen 7,16,512,SSD,Windows 10,42,49,54,50,76,67,2023-01-07,RTX 3060,50,
92,Asus,Ryzen 5,,,SSD,Windows 10,54,41,71,65,53,73,2023-11-01,RTX 3070,19,2
93,Asus,Ryzen 5,8,512,SSD,MacOS,54,42,57,79,92,77,2023-07-01,RTX 3070,24,4
94,Lenovo,Intel i9,16,1024,SSD,Windows 10,58,63,44,83,35,56,2023-04-19,RTX 3080,53,4
95,Asus,Intel i7,8,256,SSD,Windows 10,56,61,42,58,42,54,2023-11-20,GTX 1650,41,6
96,Lenovo,Intel i5,16,1024,SSD,Windows 11,66,46,75,55,78,70,2023-07-25,Intel Iris,61,12
97,Lenovo,Intel i7,16,,HDD,MacOS,68,57,71,63,82,87,2023-08-22,RTX 3060,33,6
98,Lenovo,Intel i5,16,256,HDD,Windows 10,39,64,51,37,38,70,2023-07-06,Intel Iris,54,2
99,Dell,Ryzen 7,16,128,HDD,Windows 11,68,41,43,56,60,64,2023-11-25,GTX 1650,39,6
100,Dell,Intel i7,8,512,HDD,Windows 10,37,44,50,74,54,67,2023-12-23,Intel Iris,25,6
101,Dell,Intel i5,32,256,SSD,Windows 11,63,56,31,72,57,73,2023-01-08,RTX 3080,58,12
102,Asus,Ryzen 9,16,1024,SSD,Windows 11,64,30,46,54,93,74,2023-02-22,Intel Iris,20,6
103,HP,Ryzen 7,8,2048,SSD,Windows 11,26,56,37,64,87,100,2023-07-18,Intel Iris,41,6
104,Lenovo,Ryzen 7,16,512,HDD,Windows 11,56,33,47,43,69,95,2023-05-17,RTX 3080,43,8
105,Apple,,16,512,HDD,Windows 11,47,64,38,74,56,95,2023-09-16,RTX 3070,37,8
106,HP,Intel i5,8,512,SSD,Windows 10,43,82,63,58,36,97,2023-11-30,AMD Radeon,59,6
107,Lenovo,Intel i7,32,1024,,Windows 11,75,39,70,54,100,65,2023-06-21,Intel Iris,51,4
108,Asus,Ryzen 7,32,128,HDD,Windows 10,45,30,40,52,84,61,2023-03-27,AMD Radeon,49,8
109,HP,Ryzen 5,8,1024,SSD,Ubuntu,42,47,29,58,52,63,2023-02-15,Intel Iris,41,8
110,Dell,Intel i5,,1024,SSD,,56,46,67,51,87,100,2023-12-12,GTX 1650,77,8
111,HP,Ryzen 7,8,1024,SSD,,65,59,54,73,68,71,2023-07-05,RTX 3060,69,
112,Dell,Intel i7,8,256,SSD,MacOS,52,53,40,52,62,61,2023-06-05,RTX 3070,58,8
113,Apple,Intel i7,8,1024,HDD,Ubuntu,72,45,84,91,80,73,2023-01-09,AMD Radeon,55,8
114,Apple,Intel i9,32,256,HDD,Ubuntu,62,51,35,89,51,76,2023-04-25,RTX 3070,27,12
115,Asus,Ryzen 5,16,256,SSD,Windows 10,22,33,1,42,61,84,2023-06-03,RTX 3060,39,4
116,Apple,Ryzen 5,8,2048,SSD,Ubuntu,999,62,32,105,73,83,2023-05-10,Intel Iris,52,6
117,Apple,Intel i5,8,1024,SSD,Windows 11,46,74,90,46,57,67,2023-11-27,Intel Iris,61,6
118,Dell,Ryzen 7,16,128,SSD,Windows 11,62,32,42,53,86,90,2023-03-22,RTX 3070,57,4
119,Apple,Intel i7,4,256,HDD,Ubuntu,15,30,37,100,100,70,2023-10-17,RTX 3070,51,8
120,Lenovo,Intel i5,32,256,SSD,Windows 10,93,43,50,53,51,77,2023-05-27,RTX 3080,80,8
121,Apple,Ryzen 7,32,512,HDD,Windows 11,62,31,75,67,28,90,2023-10-22,RTX 3060,37,8
122,Apple,Ryzen 9,16,256,SSD,MacOS,57,30,47,70,19,70,2023-09-26,Intel Iris,60,
123,HP,Ryzen 7,,256,SSD,Windows 10,72,30,64,39,66,71,2023-05-13,RTX 3070,57,4
124,Dell,Ryzen 7,8,512,SSD,Windows 11,90,47,45,42,53,88,2023-02-19,Intel Iris,48,8
125,HP,Ryzen 5,,1024,SSD,MacOS,68,43,64,35,75,67,2023-01-23,Intel Iris,49,6
126,Lenovo,Ryzen 5,16,1024,SSD,Ubuntu,69,55,54,42,73,74,2023-03-29,GTX 1650,49,4
127,Apple,Intel i5,16,1024,SSD,Windows 11,56,41,40,2,29,88,2023-04-22,RTX 3070,25,4
128,Apple,Intel i9,8,256,SSD,Windows 10,52,31,56,70,24,100,2023-04-21,RTX 3080,48,8
129,Dell,Intel i7,32,,HDD,Windows 11,47,49,36,100,77,89,2023-03-13,RTX 3080,54,6
130,Lenovo,Intel i7,8,1024,HDD,MacOS,42,34,15,62,73,87,2023-06-03,RTX 3070,46,8
131,Lenovo,Ryzen 5,8,1024,HDD,Windows 11,44,57,49,31,59,87,2023-02-26,Intel Iris,3,6
132,HP,Intel i9,4,1024,HDD,Windows 11,34,30,17,47,28,63,2023-09-14,RTX 3080,8,4
133,Dell,Intel i5,16,2048,SSD,Windows 10,53,30,64,50,81,81,2023-06-05,Intel Iris,23,4
134,HP,Intel i7,16,512,SSD,Windows 10,29,30,49,39,100,79,2023-04-23,RTX 3060,37,4
135,Apple,Ryzen 5,16,256,SSD,,57,43,85,77,76,84,2023-11-14,RTX 3060,24,12
136,HP,Intel i5,32,1024,HDD,Windows 11,54,45,41,76,48,81,2023-02-16,AMD Radeon,52,2
137,Lenovo,Ryzen 7,4,1024,SSD,Ubuntu,57,52,49,36,71,85,2023-08-26,GTX 1650,63,
138,Asus,Intel i9,16,1024,SSD,Windows 10,47,41,13,74,35,75,2023-11-30,RTX 3080,66,
139,HP,Intel i9,8,512,SSD,Ubuntu,101,37,22,90,96,80,2023-04-16,RTX 3080,46,
140,,Ryzen 5,32,256,SSD,MacOS,75,71,8,98,72,61,2023-07-06,RTX 3070,61,6
141,,Ryzen 7,32,512,SSD,Windows 11,36,67,76,100,25,75,2023-06-08,Intel Iris,28,12
142,HP,Intel i7,16,2048,HDD,Windows 10,58,64,38,41,62,100,2023-07-17,RTX 3060,36,4
143,Lenovo,Ryzen 5,16,1024,HDD,Windows 11,45,54,83,100,81,84,2023-06-26,GTX 1650,16,2
144,HP,Ryzen 5,8,512,SSD,Ubuntu,39,55,1,52,61,79,2023-09-18,GTX 1650,64,4
145,HP,Intel i7,8,512,SSD,Windows 11,34,37,88,48,63,100,2023-10-14,AMD Radeon,79,12
146,Dell,Ryzen 7,32,512,SSD,MacOS,61,52,48,66,39,59,2023-10-20,RTX 3080,33,2
147,Asus,Ryzen 7,8,2048,HDD,Ubuntu,44,35,58,48,84,63,2023-12-01,RTX 3060,1,6
148,Lenovo,Ryzen 5,8,1024,SSD,MacOS,69,34,23,67,53,100,2023-05-23,GTX 1650,20,2
149,Dell,Ryzen 7,8,1024,SSD,Ubuntu,69,30,63,33,16,80,2023-11-04,RTX 3060,26,4
150,HP,Ryzen 7,32,512,SSD,Windows 10,75,56,40,55,60,76,2023-07-16,RTX 3070,13,2
151,Apple,Ryzen 5,8,1024,HDD,Windows 11,42,52,20,85,94,62,2023-08-13,RTX 3060,19,8
152,HP,Ryzen 7,8,256,HDD,Windows 10,62,45,19,58,60,86,2023-02-12,RTX 3080,44,6
153,Dell,Ryzen 5,16,1024,SSD,MacOS,64,43,19,62,100,88,2023-05-31,RTX 3060,53,12
154,Lenovo,Ryzen 5,32,512,SSD,Ubuntu,47,30,59,69,80,63,2023-10-23,RTX 3080,1,6
155,,Ryzen 5,8,512,HDD,Ubuntu,43,53,34,83,78,77,2023-03-04,AMD Radeon,29,12
156,HP,Ryzen 7,8,1024,HDD,Windows 11,79,45,8,26,66,74,2023-05-10,Intel Iris,40,6
157,Asus,Intel i5,8,2048,SSD,Windows 10,58,63,59,71,68,83,2023-09-12,RTX 3060,18,6
158,Asus,Ryzen 7,8,256,SSD,Ubuntu,64,52,1,54,63,63,2023-12-09,RTX 3070,44,6
159,HP,Ryzen 7,8,1024,,Windows 11,42,60,83,63,62,98,2023-08-02,GTX 1650,37,6
160,Asus,Intel i5,16,512,SSD,Windows 10,36,49,99,81,83,93,2023-03-14,Intel Iris,31,8
161,HP,Ryzen 7,16,512,SSD,Ubuntu,46,52,17,36,46,74,2023-04-14,RTX 3060,22,6
162,Asus,Intel i5,16,128,HDD,Windows 10,53,63,76,39,43,76,2023-06-07,Intel Iris,45,8
163,Asus,Intel i7,8,512,SSD,Windows 11,39,47,58,21,41,77,2023-09-29,GTX 1650,24,8
164,Lenovo,Ryzen 5,32,512,SSD,Windows 11,54,57,37,49,100,68,2023-11-11,RTX 3080,5,4
165,Dell,Intel i5,8,256,SSD,Windows 10,29,43,38,86,83,73,2023-08-26,AMD Radeon,40,6
166,Apple,Ryzen 7,,512,SSD,,38,48,66,57,77,75,2023-10-30,Intel Iris,15,4
167,HP,Ryzen 7,16,2048,HDD,Windows 10,65,73,49,33,43,100,2023-06-07,Intel Iris,7,6
168,Dell,Intel i9,8,256,HDD,Windows 10,64,59,1,50,85,94,2023-04-19,RTX 3070,42,6
169,Dell,Intel i5,16,1024,SSD,Windows 10,49,41,100,30,67,94,2023-01-09,GTX 1650,36,
170,Lenovo,Intel i7,8,512,HDD,Ubuntu,39,56,60,37,75,85,2023-11-17,GTX 1650,22,2
171,Asus,Ryzen 5,16,1024,HDD,Windows 11,39,30,48,67,45,63,2023-02-28,RTX 3070,44,2
172,Dell,Ryzen 9,4,512,,Windows 11,49,46,32,36,74,79,2023-12-24,GTX 1650,48,2
173,Lenovo,Ryzen 5,8,256,SSD,Windows 10,64,35,45,82,59,94,2023-07-11,RTX 3070,44,4
174,HP,Intel i7,32,256,SSD,Windows 10,68,56,81,58,50,61,2023-05-16,RTX 3060,44,8
175,Asus,Ryzen 5,8,256,SSD,Windows 11,47,47,56,61,88,89,2023-09-08,RTX 3070,7,8
176,Dell,Intel i9,32,256,,MacOS,37,54,59,54,31,100,2023-05-26,Intel Iris,65,8
177,Asus,Ryzen 7,8,1024,SSD,MacOS,59,61,18,75,84,95,2023-12-13,AMD Radeon,51,8
178,HP,Intel i5,16,2048,SSD,Windows 10,42,43,41,75,87,100,2023-12-18,RTX 3080,20,4
179,Apple,Ryzen 7,16,1024,SSD,Windows 11,47,43,51,66,48,83,2023-02-27,GTX 1650,39,2
180,Dell,Intel i9,16,1024,SSD,MacOS,74,49,67,71,49,94,2023-06-26,RTX 3060,43,2
181,HP,Ryzen 9,8,256,SSD,Windows 11,67,37,39,55,64,69,2023-10-15,AMD Radeon,39,8
182,Dell,Intel i7,8,512,SSD,MacOS,57,49,73,70,77,91,2023-09-02,GTX 1650,75,8
183,Apple,Ryzen 5,4,512,SSD,Windows 10,35,50,21,53,66,89,2023-02-17,Intel Iris,1,6
184,Apple,Ryzen 7,8,256,SSD,MacOS,58,53,51,60,80,84,2023-10-28,Intel Iris,10,4
185,HP,Intel i5,16,512,HDD,Ubuntu,70,56,47,54,100,99,2023-12-22,RTX 3070,1,4
186,Asus,Ryzen 7,32,512,SSD,MacOS,49,30,12,50,57,71,2023-04-10,RTX 3080,41,12
187,Apple,Ryzen 5,32,512,HDD,Ubuntu,75,30,48,46,27,77,2023-08-01,AMD Radeon,50,2
188,Lenovo,Intel i5,16,512,SSD,Windows 11,74,32,35,69,90,81,2023-10-29,RTX 3060,47,8
189,Lenovo,Intel i7,16,1024,SSD,MacOS,79,51,85,86,100,64,2023-06-14,GTX 1650,34,4
190,HP,Ryzen 5,16,1024,SSD,Windows 10,59,45,39,83,79,83,2023-05-06,AMD Radeon,48,2
191,Dell,Intel i5,8,512,SSD,Windows 11,63,30,58,34,42,54,2023-10-29,RTX 3070,34,8
192,Apple,Ryzen 5,32,2048,SSD,Ubuntu,76,79,19,85,66,95,2023-05-01,Intel Iris,54,4
193,Apple,Intel i7,16,,SSD,Ubuntu,61,30,55,53,42,80,2023-03-29,AMD Radeon,62,8
194,Asus,Ryzen 5,16,512,SSD,MacOS,47,50,39,72,86,72,2023-08-05,Intel Iris,21,8
195,HP,Intel i5,8,512,SSD,Windows 10,48,58,30,41,36,67,2023-03-02,RTX 3070,34,6
196,HP,Ryzen 7,8,512,HDD,Ubuntu,58,39,100,62,62,76,2023-10-29,RTX 3070,37,8
197,Asus,Ryzen 9,8,2048,HDD,Ubuntu,35,59,41,66,44,90,2023-06-28,RTX 3060,68,6
198,Apple,Ryzen 9,32,2048,HDD,Windows 10,52,34,44,30,73,88,2023-07-09,Intel Iris,23,4
199,Apple,Ryzen 5,16,256,SSD,Windows 11,71,52,72,72,60,69,2023-06-12,Intel Iris,61,8
200,Asus,Intel i5,8,512,SSD,Windows 10,22,30,30,86,74,67,2023-03-22,GTX 1650,10,6
201,Asus,Ryzen 7,,1024,SSD,Windows 11,78,67,60,56,70,89,2023-06-19,RTX 3070,64,2
202,Dell,Intel i5,8,512,HDD,,71,50,62,87,45,69,2023-10-28,RTX 3060,57,12
203,Dell,Intel i5,8,256,HDD,Ubuntu,48,30,56,56,85,80,2023-07-15,Intel Iris,36,6
204,Apple,Intel i7,4,2048,,Ubuntu,63,59,100,76,68,81,2023-07-22,Intel Iris,58,8
205,Asus,Intel i9,16,1024,HDD,,55,74,29,15,45,84,2023-02-16,AMD Radeon,29,8
206,Dell,Ryzen 7,32,1024,SSD,Windows 11,73,36,88,100,100,92,2023-06-07,Intel Iris,21,6
207,Dell,Ryzen 5,8,2048,SSD,MacOS,69,46,61,89,81,61,2023-07-13,Intel Iris,74,6
208,Asus,Intel i9,32,1024,SSD,Windows 11,33,42,72,54,66,51,2023-10-06,Intel Iris,29,6
209,Dell,Intel i7,8,512,HDD,MacOS,63,38,58,20,100,71,2023-11-13,GTX 1650,53,6
210,Dell,,32,1024,HDD,Windows 10,51,36,96,65,100,100,2023-09-26,RTX 3080,62,8
211,Lenovo,Intel i9,16,256,HDD,MacOS,56,40,41,31,66,100,2023-07-18,AMD Radeon,56,8
212,Asus,Intel i9,32,1024,SSD,Windows 10,44,41,62,68,78,100,2023-08-12,GTX 1650,51,4
213,Asus,Intel i5,4,256,SSD,Windows 11,81,44,82,68,45,77,2023-09-20,RTX 3070,53,6
214,HP,Ryzen 7,,1024,HDD,Ubuntu,70,43,36,41,66,53,2023-06-15,RTX 3060,61,
215,Asus,Ryzen 5,16,256,SSD,Windows 11,43,61,75,82,65,44,2023-06-29,RTX 3070,46,6
216,HP,Intel i7,8,256,SSD,Ubuntu,34,60,49,76,74,70,2023-07-11,RTX 3080,39,8
217,HP,Intel i5,32,256,HDD,Windows 11,49,30,19,79,78,77,2023-08-04,RTX 3070,12,8
218,Asus,Ryzen 5,8,128,SSD,Ubuntu,61,41,13,105,83,99,2023-10-11,RTX 3070,46,4
219,Asus,Ryzen 5,32,1024,SSD,Windows 10,58,68,47,31,75,93,2023-12-18,RTX 3080,60,4
220,Apple,Intel i7,8,1024,HDD,Windows 10,73,54,74,79,39,83,2023-04-17,RTX 3060,17,8
221,Asus,Ryzen 9,16,512,SSD,Windows 10,66,55,1,54,46,66,2023-04-08,Intel Iris,35,6
222,Lenovo,Intel i5,16,256,SSD,Windows 11,69,53,55,32,56,65,2023-08-18,RTX 3080,48,6
223,Dell,Intel i9,4,256,SSD,Windows 10,59,46,72,87,62,83,2023-09-14,GTX 1650,70,8
224,HP,Ryzen 7,8,128,SSD,Windows 11,34,49,18,100,96,90,2023-02-12,RTX 3060,16,8
225,HP,Intel i9,4,256,SSD,Windows 11,52,43,34,59,40,85,2023-08-30,RTX 3070,55,4
226,HP,Ryzen 5,8,2048,SSD,Windows 10,70,62,64,100,61,64,2023-02-11,RTX 3080,32,4
227,,Intel i7,8,256,SSD,Windows 11,54,44,71,61,93,89,2023-04-05,Intel Iris,26,4
228,HP,Intel i7,16,512,SSD,MacOS,62,48,90,52,62,86,2023-09-11,Intel Iris,21,6
229,Apple,Ryzen 9,8,256,SSD,Windows 10,50,61,35,47,81,63,2023-07-07,RTX 3070,26,4
230,Asus,Intel i9,8,256,HDD,Windows 11,39,45,29,92,66,68,2023-11-03,GTX 1650,49,6
231,Asus,Ryzen 7,16,512,SSD,Ubuntu,53,48,91,44,76,90,2023-06-16,RTX 3070,35,2
232,Lenovo,Intel i7,4,1024,SSD,Windows 11,59,44,31,74,64,76,2023-09-28,,54,6
233,Lenovo,Intel i7,32,256,SSD,Ubuntu,45,48,62,48,86,100,2023-05-05,AMD Radeon,17,4
234,Lenovo,Intel i5,32,256,SSD,Windows 11,51,45,100,50,31,87,2023-06-10,GTX 1650,53,6
235,Dell,Ryzen 5,16,512,HDD,Windows 11,40,41,68,80,60,72,2023-03-28,GTX 1650,48,6
236,Asus,Intel i7,16,256,SSD,Windows 10,71,39,69,52,77,79,2023-11-05,Intel Iris,9,4
237,HP,Ryzen 7,32,256,HDD,Ubuntu,50,47,81,51,83,80,2023-08-14,Intel Iris,70,12
238,Dell,Intel i9,8,,SSD,Ubuntu,76,65,63,82,100,69,2023-05-25,GTX 1650,46,4
239,Asus,Ryzen 9,4,1024,SSD,Windows 10,77,59,69,91,60,66,2023-12-11,AMD Radeon,55,6
240,Dell,Intel i5,8,1024,SSD,Windows 11,53,30,41,72,100,90,2023-09-05,GTX 1650,63,12
241,Apple,Ryzen 7,16,512,SSD,,39,43,78,46,53,92,2023-12-28,GTX 1650,59,6
242,,Ryzen 7,4,512,SSD,Windows 11,23,40,60,49,100,89,2023-01-06,Intel Iris,37,8
243,Apple,Ryzen 7,16,512,SSD,Windows 11,32,30,13,61,90,100,2023-01-31,GTX 1650,54,4
244,HP,Ryzen 7,,1024,SSD,MacOS,34,54,56,66,47,71,2023-07-16,Intel Iris,3,6
245,Dell,Ryzen 7,32,1024,SSD,Ubuntu,75,48,1,40,77,100,2023-08-20,RTX 3070,47,6
246,Apple,Ryzen 5,16,256,SSD,Windows 11,56,80,67,74,68,66,2023-10-23,RTX 3070,74,2
247,Lenovo,Intel i5,4,512,HDD,Ubuntu,60,44,44,61,85,64,2023-11-21,RTX 3060,26,6
248,,Intel i5,32,512,HDD,MacOS,21,38,97,25,64,53,2023-05-15,RTX 3080,58,4
249,,Ryzen 7,16,2048,SSD,Windows 11,37,36,62,41,62,73,2023-01-13,RTX 3080,75,6
250,Apple,Ryzen 5,8,1024,,Windows 11,68,43,73,49,100,72,2023-01-04,,53,12
251,HP,Ryzen 7,4,512,SSD,Windows 11,59,58,23,58,67,87,2023-06-27,GTX 1650,60,2
252,HP,Intel i9,32,256,HDD,,52,60,67,97,90,83,2023-08-22,Intel Iris,8,4
253,Apple,Intel i5,16,1024,SSD,Ubuntu,63,90,33,64,64,62,2023-09-16,RTX 3070,21,6
254,HP,Intel i5,32,256,SSD,Windows 10,79,31,77,43,100,74,2023-05-20,Intel Iris,68,6
255,Dell,Ryzen 5,32,512,HDD,MacOS,51,51,22,64,53,74,2023-03-06,GTX 1650,59,8
256,Lenovo,Intel i9,16,256,SSD,Windows 11,56,39,52,52,54,53,2023-10-10,GTX 1650,49,6
257,Apple,Intel i7,16,1024,,Windows 10,57,55,21,66,100,65,2023-12-29,RTX 3070,34,2
258,Asus,Intel i9,8,256,SSD,Windows 11,90,70,53,71,58,68,2023-11-02,RTX 3080,45,8
259,Lenovo,Intel i5,8,512,SSD,Windows 11,23,62,100,84,100,100,2023-07-24,GTX 1650,74,8
260,Dell,Ryzen 5,8,2048,SSD,MacOS,65,31,68,59,92,82,2023-01-17,GTX 1650,37,6
261,Asus,Intel i7,16,256,HDD,Windows 10,53,60,49,92,66,89,2023-07-19,AMD Radeon,53,6
262,,Ryzen 7,16,512,SSD,MacOS,63,30,1,78,24,57,2023-02-01,Intel Iris,53,4
263,Dell,Intel i7,32,512,SSD,Windows 11,45,30,36,45,69,97,2023-07-31,AMD Radeon,26,4
264,Lenovo,Intel i9,8,128,SSD,Windows 10,54,46,61,100,72,99,2023-09-30,GTX 1650,28,4
265,Apple,Intel i5,16,1024,SSD,,65,59,37,66,99,50,2023-10-17,AMD Radeon,70,6
266,Asus,Intel i5,16,256,SSD,Windows 11,101,55,85,43,100,69,2023-10-18,Intel Iris,51,12
267,Asus,Intel i7,16,512,SSD,Windows 10,67,78,51,93,52,87,2023-08-22,RTX 3070,26,6
268,Asus,Intel i9,16,1024,HDD,Windows 11,42,51,76,100,90,89,2023-07-01,RTX 3080,33,4
269,HP,Ryzen 5,8,1024,SSD,MacOS,999,48,55,59,89,69,2023-05-26,RTX 3070,20,4
270,HP,Intel i7,16,1024,SSD,Windows 11,48,67,43,49,96,75,2023-02-19,RTX 3060,61,4
271,Apple,Ryzen 5,8,512,SSD,Windows 10,28,44,38,56,82,71,2023-04-13,RTX 3060,34,6
272,Apple,Ryzen 7,8,128,,Windows 10,50,55,24,74,21,81,2023-02-02,RTX 3060,35,6
273,Apple,Ryzen 7,8,1024,HDD,Windows 10,65,56,77,85,66,97,2023-03-30,Intel Iris,56,4
274,Apple,Intel i5,16,512,SSD,Ubuntu,35,35,39,71,41,68,2023-12-07,RTX 3080,6,6
275,Lenovo,Intel i9,,1024,SSD,Windows 11,70,55,63,62,64,95,2023-11-11,RTX 3070,39,4
276,Lenovo,Intel i5,16,1024,SSD,Windows 10,62,82,36,89,94,68,2023-08-29,Intel Iris,39,2
277,Asus,Intel i7,16,1024,SSD,Windows 10,43,67,22,53,77,67,2023-09-23,Intel Iris,34,2
278,Asus,Ryzen 9,16,512,SSD,Windows 11,52,37,63,80,98,92,2023-08-11,AMD Radeon,29,4
279,Asus,Intel i5,16,512,HDD,MacOS,78,85,31,54,78,93,2023-08-24,GTX 1650,25,2
280,Asus,Intel i9,4,1024,SSD,Windows 11,66,60,39,68,37,92,2023-06-02,RTX 3080,45,4
281,Apple,Ryzen 5,8,512,HDD,,55,56,18,57,6,60,2023-02-26,RTX 3070,19,8
282,HP,Ryzen 5,8,256,SSD,Windows 11,51,48,37,58,73,73,2023-11-18,RTX 3070,43,8
283,HP,Ryzen 5,8,2048,HDD,Windows 10,56,60,50,52,64,92,2023-04-22,RTX 3070,28,6
284,Dell,Intel i5,4,2048,HDD,MacOS,47,51,42,86,45,80,2023-01-15,RTX 3080,30,8
285,Lenovo,Intel i7,8,512,SSD,Windows 11,23,50,70,45,27,63,2023-09-26,,43,4
286,Dell,Intel i9,8,256,SSD,Ubuntu,85,48,53,45,51,86,2023-04-24,RTX 3060,30,8
287,Lenovo,Intel i5,,512,SSD,,57,64,100,100,65,69,2023-09-09,RTX 3060,65,4
288,Lenovo,Intel i7,8,1024,SSD,Windows 10,60,62,60,79,86,100,2023-05-22,RTX 3060,37,6
289,HP,Intel i5,8,2048,SSD,Windows 10,54,47,6,12,74,100,2023-04-24,Intel Iris,60,6
290,Lenovo,Intel i5,8,256,SSD,Ubuntu,43,30,44,48,100,89,2023-10-17,RTX 3070,24,2
291,Dell,Intel i7,16,256,SSD,Windows 10,52,50,46,23,44,100,2023-12-23,RTX 3080,24,12
292,Dell,Intel i5,8,2048,HDD,Windows 10,31,39,34,40,92,80,2023-01-25,RTX 3060,6,4
293,Apple,Ryzen 5,8,512,SSD,Windows 10,89,42,51,0,71,91,2023-11-06,RTX 3080,30,4
294,HP,Ryzen 5,16,512,SSD,Windows 10,36,48,33,57,87,100,2023-09-12,RTX 3060,35,4
295,Dell,Ryzen 7,4,,SSD,Ubuntu,39,34,58,37,59,83,2023-09-25,RTX 3080,41,2
296,Lenovo,Intel i7,4,256,HDD,Windows 10,48,30,2,61,96,76,2023-05-06,RTX 3060,53,4
297,Asus,Intel i5,8,1024,HDD,Windows 11,74,54,78,27,77,54,2023-09-07,Intel Iris,52,2
298,HP,Intel i5,4,256,HDD,Ubuntu,55,50,10,61,53,78,2023-10-14,GTX 1650,62,4
299,Asus,Ryzen 5,8,512,SSD,Windows 11,36,49,43,51,69,92,2023-11-30,Intel Iris,22,8
300,Dell,Ryzen 5,8,1024,SSD,Windows 10,73,57,31,90,64,94,2023-02-22,RTX 3080,40,4
301,Dell,Intel i5,32,512,HDD,Ubuntu,65,40,57,88,82,87,2023-02-12,RTX 3070,19,4
302,Lenovo,Ryzen 7,16,,SSD,Windows 10,63,54,45,75,40,71,2023-06-15,RTX 3060,48,6
303,Lenovo,Intel i5,16,1024,SSD,Ubuntu,65,70,56,53,69,50,2023-02-11,RTX 3080,76,
304,Asus,Intel i9,8,512,SSD,MacOS,90,46,77,99,79,72,2023-06-25,RTX 3080,16,4
305,Asus,Ryzen 5,32,256,SSD,Windows 11,87,78,69,28,70,75,2023-03-08,RTX 3080,53,4
306,,Ryzen 7,8,512,HDD,Windows 11,44,50,50,31,100,75,2023-03-07,Intel Iris,60,12
307,Lenovo,Ryzen 5,4,512,SSD,Windows 11,79,37,61,58,89,89,2023-03-24,Intel Iris,22,4
308,HP,Ryzen 7,16,256,SSD,Windows 11,60,62,99,100,69,100,2023-12-16,Intel Iris,48,6
309,Asus,Intel i7,8,512,SSD,MacOS,62,48,70,55,75,81,2023-04-15,RTX 3060,32,4
310,HP,Ryzen 7,8,512,SSD,MacOS,29,65,42,56,77,76,2023-10-14,GTX 1650,37,12
311,Lenovo,Intel i5,16,1024,HDD,Windows 11,52,56,81,31,80,76,2023-07-05,RTX 3060,32,
312,Dell,Ryzen 7,32,1024,SSD,Ubuntu,42,45,59,78,24,81,2023-10-11,GTX 1650,35,8
313,Dell,Intel i9,8,1024,HDD,MacOS,67,72,25,79,62,67,2023-01-04,RTX 3070,63,4
314,,Ryzen 7,16,128,SSD,,71,42,45,75,32,81,2023-05-18,RTX 3060,38,6
315,Apple,Intel i9,,256,,Windows 11,23,30,13,47,100,86,2023-06-28,Intel Iris,27,4
316,Asus,Ryzen 5,8,1024,HDD,Windows 11,54,63,1,45,68,83,2023-08-25,GTX 1650,41,8
317,Lenovo,Intel i9,8,512,SSD,Windows 10,71,55,26,34,65,86,2023-01-18,RTX 3070,1,12
318,Dell,Ryzen 5,8,128,HDD,,52,69,53,61,92,86,2023-10-30,RTX 3060,23,6
319,Dell,Intel i5,8,1024,SSD,Windows 10,65,36,53,38,80,53,2023-01-09,RTX 3080,64,6
320,HP,Intel i5,8,1024,SSD,Windows 11,60,46,14,36,41,89,2023-01-29,AMD Radeon,37,4
321,Lenovo,Intel i7,32,512,SSD,Windows 10,60,44,1,51,68,69,2023-05-24,GTX 1650,30,6
322,Asus,Intel i5,16,256,SSD,Windows 10,50,64,86,50,61,63,2023-12-14,AMD Radeon,43,6
323,Asus,Ryzen 7,16,1024,SSD,Windows 11,36,59,52,49,26,63,2023-05-29,RTX 3060,54,4
324,HP,Intel i7,8,1024,SSD,,38,53,88,69,52,86,2023-03-05,GTX 1650,66,4
325,,Ryzen 9,32,1024,SSD,Windows 10,65,53,87,61,65,76,2023-07-06,Intel Iris,30,2
326,Asus,Intel i7,,1024,,Windows 11,55,32,68,54,67,54,2023-08-15,RTX 3080,31,8
327,Lenovo,Intel i5,32,1024,HDD,Windows 10,52,61,51,63,32,87,2023-04-28,RTX 3060,35,8
328,Asus,Ryzen 7,4,512,,Windows 10,48,61,40,40,98,58,2023-12-22,GTX 1650,60,12
329,Lenovo,Ryzen 5,16,256,HDD,Windows 11,50,84,67,62,67,82,2023-09-11,GTX 1650,41,8
330,HP,Intel i9,4,1024,SSD,Windows 11,70,57,46,63,70,83,2023-01-31,Intel Iris,83,6
331,HP,Ryzen 5,8,1024,HDD,Windows 10,49,59,35,29,80,93,2023-06-10,Intel Iris,36,4
332,Asus,Ryzen 5,4,1024,HDD,Windows 11,34,57,1,79,50,100,2023-08-03,Intel Iris,75,
333,Dell,Intel i7,16,256,SSD,Windows 10,66,39,47,42,81,59,2023-06-18,GTX 1650,22,6
334,Dell,,16,256,SSD,Windows 11,51,68,77,61,60,79,2023-03-22,RTX 3070,12,6
335,Dell,Ryzen 9,8,2048,SSD,,55,49,81,83,47,75,2023-02-15,RTX 3080,37,6
336,Dell,Ryzen 5,8,1024,HDD,MacOS,79,47,51,78,84,86,2023-02-18,Intel Iris,62,8
337,Apple,Intel i5,8,2048,SSD,Windows 11,54,47,27,60,100,83,2023-10-25,AMD Radeon,30,2
338,Asus,Ryzen 5,8,1024,SSD,Windows 11,59,49,72,52,88,74,2023-10-10,RTX 3060,27,4
339,Lenovo,Intel i5,8,1024,SSD,MacOS,37,42,49,78,93,73,2023-03-29,RTX 3080,60,6
340,Dell,Intel i5,8,1024,HDD,Windows 10,999,53,40,73,56,63,2023-05-01,RTX 3070,54,8
341,Lenovo,Intel i7,16,2048,SSD,MacOS,64,48,13,47,30,94,2023-01-03,RTX 3070,24,6
342,Lenovo,Intel i9,4,1024,HDD,MacOS,31,47,100,44,100,86,2023-11-12,RTX 3080,22,6
343,Dell,Ryzen 7,4,1024,SSD,Windows 10,58,57,68,18,100,93,2023-08-15,GTX 1650,56,4
344,Lenovo,Ryzen 5,8,256,SSD,Windows 10,56,51,71,63,100,75,2023-03-20,RTX 3060,7,8
345,HP,Ryzen 5,32,512,SSD,,55,41,28,58,61,70,2023-05-25,Intel Iris,61,8
346,Asus,Intel i9,16,1024,SSD,Windows 11,70,38,51,82,41,63,2023-08-30,Intel Iris,53,6
347,Asus,Intel i7,16,512,SSD,Windows 10,60,51,47,67,43,85,2023-02-01,AMD Radeon,1,4
348,Dell,Intel i7,8,256,SSD,Windows 10,77,38,69,86,27,64,2023-09-20,RTX 3060,40,12
349,HP,Ryzen 9,16,512,SSD,Windows 11,40,37,83,46,67,100,2023-07-30,GTX 1650,1,6
350,Asus,Intel i5,4,256,SSD,Ubuntu,57,37,14,82,100,60,2023-03-12,RTX 3080,15,8
351,Lenovo,Ryzen 7,16,256,SSD,Ubuntu,56,53,23,49,66,84,2023-07-16,RTX 3070,29,4
352,Apple,Ryzen 5,32,512,SSD,,38,67,66,75,77,100,2023-02-27,GTX 1650,14,4
353,Asus,Intel i9,16,2048,SSD,Windows 10,69,55,37,30,100,88,2023-04-22,Intel Iris,84,8
354,Dell,Ryzen 5,32,512,,Windows 11,89,63,70,64,59,82,2023-02-17,RTX 3060,57,2
355,Dell,Intel i9,16,256,SSD,Windows 11,54,48,40,20,100,65,2023-07-04,AMD Radeon,67,6
356,Asus,Ryzen 7,8,256,SSD,Windows 11,62,52,18,54,100,59,2023-11-23,Intel Iris,37,6
357,Dell,Ryzen 7,32,1024,HDD,Windows 10,56,74,6,68,66,91,2023-06-14,Intel Iris,40,8
358,Lenovo,Intel i9,4,512,SSD,,44,62,62,49,55,100,2023-08-03,Intel Iris,71,4
359,Apple,Intel i7,16,1024,SSD,MacOS,27,64,62,38,87,73,2023-11-27,RTX 3070,48,4
360,Lenovo,Ryzen 5,8,1024,HDD,Windows 11,44,46,74,76,61,62,2023-11-26,Intel Iris,52,12
361,HP,Ryzen 7,4,1024,HDD,Ubuntu,34,49,58,57,41,43,2023-05-01,RTX 3070,21,6
362,Asus,Intel i7,8,512,SSD,Windows 10,80,56,1,50,100,65,2023-08-01,Intel Iris,21,4
363,Lenovo,Ryzen 5,8,1024,SSD,Windows 11,53,40,62,60,100,78,2023-11-07,RTX 3060,45,4
364,Lenovo,Ryzen 5,8,512,SSD,Ubuntu,49,30,13,100,73,100,2023-02-10,RTX 3070,47,
365,Apple,Ryzen 5,16,2048,HDD,Windows 11,68,55,3,83,38,90,2023-12-19,GTX 1650,20,4
366,HP,Intel i5,4,1024,SSD,,38,64,1,83,39,84,2023-10-16,RTX 3070,47,6
367,,Ryzen 5,8,512,HDD,Ubuntu,43,50,1,68,72,73,2023-06-17,RTX 3080,15,6
368,Apple,Ryzen 7,16,512,SSD,Windows 11,56,41,56,63,57,71,2023-02-03,RTX 3080,40,8
369,Dell,Intel i5,8,256,HDD,Ubuntu,70,45,31,12,61,100,2023-11-14,Intel Iris,11,8
370,Dell,Intel i7,16,1024,HDD,Windows 10,62,30,12,46,95,83,2023-10-02,RTX 3080,66,6
371,Dell,Ryzen 9,16,256,HDD,Windows 11,58,45,50,50,88,48,2023-07-16,RTX 3070,33,2
372,Dell,Intel i5,32,1024,SSD,Windows 11,56,33,22,22,100,69,2023-07-10,RTX 3070,26,8
373,Dell,Ryzen 7,16,512,HDD,Windows 11,61,39,74,36,45,67,2023-08-09,RTX 3080,17,6
374,Asus,Intel i9,8,1024,SSD,Ubuntu,58,32,86,20,61,71,2023-01-10,RTX 3080,15,12
375,Dell,Intel i7,16,1024,SSD,Windows 11,39,30,44,59,88,88,2023-04-30,Intel Iris,48,6
376,HP,Ryzen 7,8,1024,SSD,Ubuntu,55,34,84,76,81,78,2023-05-03,RTX 3060,60,6
377,Apple,Intel i9,8,1024,SSD,Windows 11,38,59,84,82,100,78,2023-09-04,RTX 3070,58,2
378,Dell,Intel i9,16,256,SSD,Windows 11,56,42,52,68,80,99,2023-12-26,RTX 3070,67,8
379,Apple,Intel i7,8,256,HDD,MacOS,47,33,93,40,100,69,2023-08-09,RTX 3070,74,4
380,HP,Ryzen 5,16,1024,SSD,Windows 10,93,61,34,21,83,100,2023-09-18,RTX 3070,59,4
381,Dell,Intel i5,32,512,HDD,Windows 10,54,51,1,24,96,69,2023-02-27,Intel Iris,29,4
382,Asus,Intel i7,32,512,HDD,Windows 11,33,30,11,34,61,81,2023-11-11,RTX 3070,43,4
383,Asus,Ryzen 9,32,128,SSD,Windows 10,52,64,33,42,70,75,2023-05-08,RTX 3080,1,4
384,Apple,Intel i7,8,512,SSD,Windows 10,62,51,63,56,92,81,2023-07-06,GTX 1650,52,4
385,Asus,Ryzen 5,8,128,SSD,Ubuntu,80,61,21,39,100,86,2023-07-24,RTX 3070,42,8
386,Apple,Intel i7,16,2048,SSD,Windows 11,46,46,33,66,88,86,2023-03-27,Intel Iris,71,4
387,HP,Ryzen 7,8,256,,Windows 11,31,74,18,55,67,68,2023-04-14,RTX 3080,25,8
388,Dell,Intel i5,16,1024,HDD,,67,44,33,60,100,63,2023-05-23,RTX 3080,50,2
389,Asus,Ryzen 9,16,128,HDD,Windows 11,34,30,83,82,15,100,2023-07-24,Intel Iris,19,6
390,Apple,Intel i9,16,1024,HDD,MacOS,48,36,58,36,34,72,2023-05-09,RTX 3070,37,6
391,,Intel i7,8,512,HDD,Windows 10,51,57,35,68,87,90,2023-09-03,Intel Iris,7,12
392,Lenovo,Intel i5,8,2048,SSD,Windows 11,53,52,80,59,70,55,2023-02-07,GTX 1650,67,8
393,HP,Intel i5,8,2048,SSD,MacOS,65,48,50,53,85,75,2023-12-29,GTX 1650,61,6
394,Asus,Intel i9,8,512,HDD,Windows 11,44,35,53,77,71,78,2023-04-19,Intel Iris,30,8
395,HP,Intel i7,32,2048,SSD,Ubuntu,50,50,78,77,84,87,2023-11-05,Intel Iris,45,4
396,Apple,Ryzen 7,8,,SSD,Windows 11,54,49,41,41,49,39,2023-02-21,GTX 1650,40,6
397,Apple,Intel i9,8,1024,HDD,Windows 10,57,49,72,56,84,82,2023-01-01,Intel Iris,27,2
398,Lenovo,Intel i7,4,1024,HDD,Windows 11,56,58,71,65,94,62,2023-01-11,RTX 3080,42,4
399,Asus,Ryzen 5,16,256,HDD,Windows 11,61,52,46,54,100,84,2023-11-10,RTX 3080,31,4
400,Asus,Ryzen 5,16,1024,HDD,MacOS,67,46,15,71,100,64,2023-08-23,RTX 3060,59,8
401,Dell,Intel i5,8,256,HDD,Windows 10,60,34,50,65,76,67,2023-05-08,RTX 3060,35,6
402,Apple,Intel i5,4,256,SSD,,61,70,78,96,76,75,2023-08-02,Intel Iris,87,8
403,Lenovo,Intel i5,8,,HDD,,31,79,70,29,31,64,2023-08-31,RTX 3060,38,6
404,Apple,Ryzen 5,8,512,SSD,Windows 10,55,76,92,57,56,72,2023-02-13,RTX 3060,42,2
405,HP,Ryzen 5,16,1024,,Windows 11,62,60,37,41,65,62,2023-01-06,Intel Iris,50,8
406,Apple,Intel i9,16,1024,SSD,MacOS,65,30,69,72,96,52,2023-06-05,RTX 3060,56,8
407,HP,Ryzen 7,8,2048,SSD,,44,30,24,27,54,95,2023-01-08,RTX 3070,41,12
408,Dell,Ryzen 7,8,,HDD,Windows 11,45,41,55,66,89,60,2023-01-05,GTX 1650,50,6
409,Apple,Ryzen 5,,256,SSD,Windows 11,46,49,77,47,69,77,2023-12-28,GTX 1650,43,8
410,Dell,Ryzen 7,8,128,SSD,Windows 11,63,48,72,45,65,91,2023-07-01,Intel Iris,24,8
411,HP,Intel i7,16,512,HDD,Ubuntu,70,52,52,31,76,70,2023-04-22,RTX 3080,19,4
412,,Intel i5,8,256,HDD,Windows 10,48,30,43,50,60,67,2023-09-30,RTX 3080,53,4
413,,Intel i7,8,128,SSD,Ubuntu,68,74,25,81,59,83,2023-09-22,Intel Iris,70,2
414,Lenovo,Intel i5,4,512,SSD,Windows 10,56,72,44,59,27,96,2023-07-31,RTX 3080,7,4
415,Asus,Intel i9,16,1024,SSD,Windows 10,53,30,17,72,63,62,2023-03-19,GTX 1650,11,6
416,Lenovo,Ryzen 7,,1024,SSD,Windows 11,51,30,41,93,58,77,2023-09-27,Intel Iris,11,
417,HP,Intel i5,8,512,SSD,Windows 11,66,48,4,65,57,54,2023-06-03,RTX 3080,55,6
418,HP,Intel i5,4,1024,HDD,Windows 11,59,68,17,48,80,74,2023-08-09,RTX 3070,57,8
419,Asus,Intel i9,4,256,SSD,Windows 11,89,49,71,69,86,80,2023-12-13,RTX 3060,20,6
420,Asus,Ryzen 7,8,128,HDD,Windows 11,42,53,68,49,75,67,2023-01-25,GTX 1650,84,4
421,Asus,Intel i7,8,1024,HDD,Windows 10,62,43,42,49,94,73,2023-12-20,RTX 3060,32,2
422,Asus,Intel i9,4,1024,,Windows 11,47,52,51,29,84,58,2023-07-27,RTX 3080,68,6
423,Dell,Intel i5,16,1024,SSD,,41,64,54,78,62,81,2023-01-03,Intel Iris,56,8
424,Lenovo,Intel i5,8,128,SSD,Windows 11,54,56,61,52,58,95,2023-08-03,RTX 3080,20,
425,Dell,Ryzen 9,8,1024,SSD,Windows 11,57,58,58,63,77,63,2023-04-22,RTX 3070,31,4
426,Lenovo,Ryzen 9,32,1024,SSD,Windows 11,98,30,16,39,84,70,2023-07-11,Intel Iris,22,8
427,Lenovo,Intel i5,8,1024,HDD,,52,82,1,68,100,87,2023-02-16,RTX 3070,13,4
428,Apple,Ryzen 9,,1024,HDD,Windows 10,38,30,24,44,99,98,2023-08-09,Intel Iris,34,6
429,HP,Ryzen 5,8,2048,HDD,Ubuntu,59,52,46,57,56,57,2023-07-06,GTX 1650,16,6
430,Dell,Ryzen 7,32,1024,SSD,Ubuntu,23,47,74,77,67,77,2023-02-19,RTX 3060,36,2
431,Dell,Intel i9,16,1024,SSD,Ubuntu,53,48,55,75,86,84,2023-07-16,AMD Radeon,78,2
432,Asus,Intel i9,32,,SSD,Windows 10,55,63,63,59,96,78,2023-08-04,RTX 3070,53,2
433,Asus,Intel i9,,1024,SSD,Ubuntu,66,39,27,24,93,42,2023-08-09,,28,4
434,Dell,Ryzen 5,8,512,SSD,Windows 10,69,43,48,100,68,87,2023-03-31,RTX 3060,27,8
435,Dell,Intel i5,,1024,HDD,Windows 11,47,32,51,94,38,100,2023-08-20,RTX 3070,31,4
436,Asus,Intel i5,8,512,HDD,Ubuntu,52,66,31,74,45,81,2023-11-19,RTX 3060,81,6
437,Dell,Intel i7,8,256,SSD,Windows 10,43,53,23,44,76,64,2023-09-15,RTX 3060,18,4
438,Apple,Ryzen 5,8,1024,SSD,MacOS,38,59,44,57,78,72,2023-06-02,Intel Iris,39,8
439,Asus,Intel i7,16,2048,,Windows 10,59,62,66,49,42,100,2023-09-13,GTX 1650,49,8
440,Dell,Ryzen 5,8,2048,HDD,MacOS,35,79,27,85,71,93,2023-09-15,Intel Iris,64,8
441,Dell,Ryzen 9,16,512,SSD,Windows 11,48,77,44,65,85,89,2023-03-06,RTX 3070,33,6
442,,Intel i5,16,512,SSD,Windows 10,40,54,83,44,41,85,2023-07-09,RTX 3080,20,4
443,HP,Ryzen 5,16,256,HDD,Windows 10,63,52,37,50,97,70,2023-04-01,GTX 1650,45,8
444,HP,Intel i9,32,,SSD,,82,42,50,82,60,76,2023-06-22,RTX 3080,66,4
445,Apple,Ryzen 7,8,,SSD,Windows 10,35,61,47,92,100,78,2023-09-04,GTX 1650,34,4
446,Apple,Intel i5,8,1024,,Windows 10,999,60,45,90,56,88,2023-09-13,GTX 1650,23,4
447,,Ryzen 5,8,1024,HDD,Windows 11,53,39,91,75,44,100,2023-04-26,RTX 3060,42,6
448,Asus,Ryzen 7,8,1024,SSD,Ubuntu,55,60,57,54,58,96,2023-02-18,Intel Iris,7,6
449,HP,Ryzen 7,4,1024,SSD,Windows 11,58,65,10,0,67,58,2023-08-15,Intel Iris,35,6
450,Dell,Ryzen 5,8,256,SSD,Windows 10,48,33,88,65,60,83,2023-03-10,GTX 1650,63,6
451,Asus,Intel i9,8,512,SSD,Windows 10,51,52,56,59,64,91,2023-05-06,RTX 3060,57,4
452,Lenovo,Ryzen 5,,1024,SSD,Windows 10,60,49,40,62,78,89,2023-08-01,RTX 3070,37,12
453,Lenovo,Ryzen 7,16,1024,SSD,Windows 10,70,49,83,61,65,70,2023-02-22,RTX 3070,73,6
454,Apple,Ryzen 5,8,512,SSD,Windows 11,25,35,30,33,68,100,2023-04-22,RTX 3070,78,6
455,Dell,Intel i5,16,2048,SSD,Ubuntu,49,30,92,71,27,60,2023-06-08,RTX 3070,53,6
456,Lenovo,Ryzen 7,8,256,HDD,Windows 10,58,38,52,72,79,63,2023-08-28,Intel Iris,10,4
457,Dell,Ryzen 5,8,512,SSD,Windows 11,41,36,75,73,67,83,2023-05-30,GTX 1650,2,4
458,Lenovo,Ryzen 5,16,1024,HDD,Windows 11,80,55,100,78,100,100,2023-05-19,GTX 1650,67,6
459,Dell,Intel i7,8,1024,SSD,,45,55,54,72,46,67,2023-04-23,RTX 3070,44,4
460,Dell,Ryzen 5,8,1024,SSD,,54,54,47,51,24,76,2023-05-23,AMD Radeon,72,4
461,Dell,Intel i7,,512,SSD,MacOS,63,30,23,58,85,96,2023-05-18,RTX 3060,13,8
462,Asus,Ryzen 5,32,256,SSD,Windows 10,46,33,46,61,78,79,2023-10-31,Intel Iris,36,6
463,Asus,Intel i5,16,1024,,Windows 10,27,40,24,62,44,74,2023-01-31,AMD Radeon,60,6
464,Lenovo,Ryzen 5,16,1024,HDD,Windows 11,48,50,45,79,31,88,2023-10-20,Intel Iris,25,6
465,,,16,256,SSD,Windows 10,70,44,100,72,100,84,2023-04-18,,60,12
466,HP,Intel i5,8,1024,SSD,Windows 11,49,54,52,100,100,95,2023-10-11,GTX 1650,37,4
467,HP,Ryzen 9,8,512,HDD,Ubuntu,42,64,36,100,7,99,2023-06-08,RTX 3070,40,8
468,Apple,Intel i9,4,1024,HDD,MacOS,68,35,44,61,58,84,2023-11-22,RTX 3070,16,6
469,HP,Ryzen 7,8,1024,SSD,MacOS,50,35,39,0,100,84,2023-01-14,RTX 3070,45,4
470,,Ryzen 7,16,256,SSD,Windows 11,47,52,76,84,58,83,2023-05-02,RTX 3060,83,4
471,Dell,Ryzen 5,8,128,SSD,Ubuntu,57,48,47,49,57,87,2023-08-03,GTX 1650,47,6
472,,Ryzen 5,,1024,,Windows 11,66,61,90,43,62,80,2023-09-29,RTX 3070,24,6
473,Dell,Ryzen 7,32,1024,HDD,Windows 10,90,50,42,52,41,79,2023-01-25,Intel Iris,67,4
474,Apple,Intel i9,16,1024,SSD,Ubuntu,67,76,43,51,27,97,2023-11-18,RTX 3070,24,6
475,Lenovo,Intel i7,16,1024,SSD,Windows 10,72,30,27,72,96,100,2023-10-21,RTX 3080,74,6
476,,Ryzen 5,32,1024,SSD,Windows 11,47,62,40,28,23,57,2023-06-18,AMD Radeon,14,6
477,Dell,Ryzen 7,8,,SSD,Windows 11,39,52,6,38,76,80,2023-04-13,RTX 3070,45,8
478,Lenovo,Ryzen 7,16,512,SSD,Ubuntu,999,30,1,66,92,69,2023-12-20,Intel Iris,70,8
479,,Ryzen 7,8,512,SSD,Ubuntu,56,30,65,72,33,75,2023-02-09,Intel Iris,22,6
480,Lenovo,Intel i9,16,512,SSD,Windows 11,38,33,6,72,46,86,2023-08-23,RTX 3070,41,12
481,Asus,Ryzen 7,8,256,HDD,MacOS,52,68,60,44,100,90,2023-11-16,RTX 3080,63,2
482,Asus,Intel i5,32,1024,SSD,Windows 10,60,66,37,40,83,78,2023-03-30,RTX 3070,1,2
483,Lenovo,Intel i9,32,512,SSD,Windows 11,60,48,73,49,54,51,2023-04-10,Intel Iris,58,4
484,Asus,Intel i5,8,2048,SSD,Ubuntu,62,44,6,64,100,65,2023-05-24,GTX 1650,38,6
485,Lenovo,Intel i7,8,1024,HDD,Ubuntu,999,37,64,89,100,93,2023-03-23,RTX 3080,68,6
486,Apple,Intel i7,,1024,SSD,,47,47,58,19,76,38,2023-03-18,Intel Iris,23,6
487,Dell,Intel i7,8,512,HDD,Windows 10,47,42,59,55,47,97,2023-02-28,RTX 3070,12,4
488,HP,Ryzen 5,32,256,SSD,Ubuntu,999,75,78,33,59,87,2023-08-17,Intel Iris,29,4
489,,Intel i7,16,128,SSD,Ubuntu,81,31,51,26,77,99,2023-04-01,Intel Iris,28,8
490,Apple,Intel i9,8,512,SSD,MacOS,55,55,1,79,65,77,2023-12-20,Intel Iris,35,8
491,Lenovo,Intel i7,8,256,HDD,Windows 10,51,76,61,70,93,49,2023-01-01,Intel Iris,30,6
492,Asus,Intel i7,8,1024,SSD,Ubuntu,41,61,57,68,31,86,2023-09-26,RTX 3080,1,6
493,HP,Intel i7,16,2048,SSD,Windows 11,99,33,43,78,32,99,2023-10-13,,38,6
494,Dell,Intel i5,8,2048,SSD,Windows 10,38,30,28,50,74,93,2023-07-16,RTX 3070,44,4
495,Lenovo,Ryzen 5,16,1024,SSD,Windows 11,48,54,40,51,57,70,2023-10-01,GTX 1650,36,6
496,HP,Ryzen 5,8,256,SSD,Windows 11,61,52,86,100,54,81,2023-03-19,RTX 3060,45,6
497,Lenovo,Ryzen 5,16,2048,SSD,Windows 11,64,68,27,55,25,72,2023-05-21,,41,6
498,Dell,Intel i9,32,2048,HDD,MacOS,69,58,6,74,70,67,2023-10-15,Intel Iris,12,2
499,,Intel i7,,256,HDD,Windows 11,82,42,13,60,68,94,2023-03-12,Intel Iris,33,12
500,,Ryzen 7,8,1024,SSD,Ubuntu,62,41,49,23,86,62,2023-02-19,RTX 3060,42,8
501,Asus,Intel i9,32,512,SSD,Windows 11,39,30,91,19,71,66,2023-03-21,Intel Iris,35,4
502,Lenovo,Intel i9,16,1024,SSD,Windows 10,51,51,100,48,66,63,2023-08-23,Intel Iris,10,6
503,HP,Intel i5,16,,HDD,Windows 10,59,30,66,81,99,57,2023-10-14,GTX 1650,64,12
504,Apple,Intel i7,,128,HDD,Windows 11,86,63,25,75,37,82,2023-11-03,RTX 3070,20,2
505,Asus,Intel i7,8,2048,SSD,Windows 11,34,58,28,78,83,97,2023-06-04,RTX 3080,15,6
506,Dell,Intel i7,8,1024,HDD,Windows 10,73,58,71,40,28,77,2023-03-01,RTX 3060,40,6
507,Apple,Ryzen 5,32,,SSD,Windows 11,57,30,83,92,49,57,2023-02-02,RTX 3080,33,6
508,Apple,Intel i9,8,512,HDD,Windows 11,67,47,33,40,39,92,2023-05-07,RTX 3070,52,8
509,Apple,Ryzen 5,32,1024,SSD,Windows 10,53,44,85,64,89,100,2023-08-09,RTX 3070,57,4
510,Asus,Ryzen 7,32,256,SSD,Windows 11,42,51,44,59,68,70,2023-07-19,RTX 3060,54,2
511,Asus,Ryzen 7,4,512,HDD,Windows 10,66,57,67,56,69,72,2023-05-06,RTX 3070,39,2
512,Lenovo,Ryzen 5,32,256,SSD,MacOS,64,42,78,86,42,87,2023-02-10,RTX 3060,51,2
513,Apple,Ryzen 9,8,,HDD,MacOS,69,42,12,45,62,100,2023-10-02,AMD Radeon,8,6
514,Apple,Intel i5,16,1024,SSD,Ubuntu,54,60,61,33,50,72,2023-10-24,RTX 3080,61,8
515,Dell,Intel i5,16,2048,SSD,Windows 10,46,33,85,60,79,60,2023-03-26,RTX 3070,31,4
516,Dell,Intel i5,32,2048,SSD,Ubuntu,31,38,35,52,45,89,2023-03-30,RTX 3080,79,6
517,HP,Ryzen 5,4,256,SSD,MacOS,67,50,23,100,100,91,2023-02-11,GTX 1650,62,6
518,Apple,Ryzen 7,8,512,SSD,Ubuntu,61,63,62,73,28,80,2023-04-30,AMD Radeon,36,4
519,,Intel i7,16,256,HDD,Windows 10,40,35,53,51,49,71,2023-10-06,RTX 3060,40,6
520,Dell,Ryzen 7,16,256,HDD,Ubuntu,46,76,41,38,100,94,2023-02-02,RTX 3070,63,6
521,Lenovo,Intel i5,16,256,SSD,MacOS,47,30,49,22,59,87,2023-10-03,AMD Radeon,1,6
522,HP,Ryzen 7,8,512,SSD,Windows 11,32,73,8,39,37,68,2023-06-02,RTX 3070,36,4
523,,Intel i7,8,512,SSD,Ubuntu,42,67,60,62,75,80,2023-03-31,RTX 3060,74,6
524,Apple,Intel i5,8,256,SSD,Windows 11,37,30,89,88,58,59,2023-04-14,RTX 3060,56,12
525,Apple,Intel i9,32,256,SSD,Windows 11,48,30,32,82,49,90,2023-01-12,RTX 3060,23,6
526,Lenovo,Intel i7,8,256,SSD,Windows 10,43,60,29,64,42,76,2023-06-09,,46,4
527,Lenovo,Intel i7,8,,SSD,Ubuntu,30,44,54,53,100,73,2023-07-15,RTX 3070,20,6
528,HP,Intel i7,,1024,SSD,Windows 10,85,34,100,65,63,79,2023-11-03,AMD Radeon,33,2
529,Dell,Ryzen 7,4,,SSD,Windows 11,73,77,77,49,21,80,2023-09-19,,46,6
530,Apple,Intel i9,,512,HDD,Windows 10,43,32,47,94,100,93,2023-04-01,GTX 1650,50,4
531,Apple,Intel i7,16,512,HDD,Windows 11,999,39,50,56,85,88,2023-07-16,RTX 3060,54,4
532,,Ryzen 5,32,1024,HDD,Windows 10,61,40,79,58,50,77,2023-03-10,RTX 3060,64,6
533,,Ryzen 5,8,512,HDD,Ubuntu,72,30,27,15,46,91,2023-08-08,RTX 3080,16,2
534,Lenovo,Intel i7,4,512,SSD,Ubuntu,42,51,65,56,86,86,2023-08-02,RTX 3080,40,6
535,Asus,Intel i9,16,256,SSD,Windows 10,71,36,22,76,63,73,2023-05-26,GTX 1650,22,4
536,Apple,Intel i5,32,256,SSD,Windows 10,46,62,73,38,21,78,2023-08-21,RTX 3080,32,2
537,Apple,Intel i5,16,512,SSD,Windows 10,34,64,42,44,100,77,2023-08-22,AMD Radeon,24,8
538,HP,Ryzen 5,8,512,SSD,MacOS,65,53,55,75,59,87,2023-08-02,RTX 3080,49,12
539,Lenovo,Intel i5,16,1024,HDD,Windows 11,74,53,41,30,100,74,2023-03-02,GTX 1650,61,4
540,Dell,Intel i9,16,256,HDD,Windows 11,93,52,67,81,100,74,2023-12-29,Intel Iris,62,6
541,,Ryzen 5,16,256,HDD,Windows 10,37,39,45,49,44,100,2023-03-19,RTX 3060,17,4
542,Asus,Intel i5,16,1024,SSD,Ubuntu,65,40,100,52,95,94,2023-04-05,RTX 3070,37,6
543,HP,Ryzen 5,32,256,HDD,MacOS,48,69,85,37,53,68,2023-11-26,RTX 3060,17,6
544,Asus,Intel i7,16,512,HDD,MacOS,66,61,17,67,23,88,2023-08-04,RTX 3060,16,4
545,Asus,Ryzen 9,4,2048,SSD,Ubuntu,32,53,54,100,59,81,2023-08-01,RTX 3080,26,8
546,HP,Intel i9,8,256,SSD,Windows 10,36,59,68,75,79,85,2023-10-31,RTX 3070,46,4
547,Dell,Ryzen 7,4,256,HDD,Windows 10,43,49,38,42,58,82,2023-07-19,RTX 3080,50,2
548,Asus,Ryzen 5,8,512,SSD,Windows 10,56,52,80,82,62,97,2023-12-18,,53,8
549,Lenovo,Intel i5,8,512,SSD,Windows 10,45,58,77,53,98,85,2023-01-31,RTX 3060,51,6
550,Asus,Ryzen 5,4,1024,SSD,Windows 10,64,30,47,105,72,79,2023-10-17,RTX 3080,23,6
551,Lenovo,Ryzen 9,8,1024,SSD,Windows 10,70,63,74,76,48,95,2023-12-09,RTX 3060,63,6
552,Apple,Ryzen 5,8,256,HDD,Windows 11,63,62,1,1,87,83,2023-05-15,RTX 3070,56,6
553,Lenovo,Ryzen 7,32,1024,HDD,MacOS,79,38,83,39,74,81,2023-03-24,RTX 3080,31,6
554,Lenovo,Ryzen 7,32,512,SSD,Ubuntu,61,68,72,78,6,84,2023-02-16,AMD Radeon,32,4
555,Apple,Intel i7,4,256,SSD,MacOS,36,30,22,63,80,78,2023-07-25,RTX 3070,26,6
556,Lenovo,Intel i7,,1024,SSD,Ubuntu,75,55,56,39,79,80,2023-03-18,RTX 3060,14,6
557,Dell,Ryzen 5,16,512,SSD,Windows 10,45,50,1,47,70,71,2023-09-16,RTX 3070,53,6
558,Dell,Intel i9,8,512,SSD,Ubuntu,68,45,30,21,92,68,2023-04-02,RTX 3060,56,8
559,Asus,Ryzen 7,4,256,SSD,Windows 10,78,50,77,58,53,65,2023-04-10,RTX 3070,21,4
560,Asus,Ryzen 7,16,512,,Ubuntu,999,58,49,100,78,59,2023-07-14,GTX 1650,15,6
561,Asus,Intel i7,16,512,SSD,Windows 11,32,30,48,76,30,66,2023-07-11,RTX 3060,21,4
562,HP,Intel i7,16,1024,HDD,,41,65,51,100,80,77,2023-03-09,RTX 3080,42,6
563,Dell,Ryzen 7,4,256,SSD,Windows 10,74,43,48,77,100,81,2023-08-30,GTX 1650,12,6
564,Dell,Intel i7,4,512,HDD,Windows 10,52,65,74,80,45,75,2023-03-31,RTX 3080,62,8
565,HP,Ryzen 7,8,512,HDD,MacOS,56,59,34,99,51,44,2023-12-11,RTX 3060,61,6
566,Lenovo,Intel i9,8,1024,SSD,Windows 10,66,43,60,67,52,100,2023-01-10,,48,8
567,HP,Ryzen 5,8,1024,HDD,Ubuntu,65,48,21,56,73,96,2023-09-21,RTX 3070,56,8
568,Lenovo,Intel i5,8,1024,HDD,Ubuntu,59,49,68,80,43,86,2023-09-25,Intel Iris,41,12
569,Apple,Ryzen 5,32,1024,HDD,MacOS,51,74,41,89,80,100,2023-11-16,RTX 3070,49,6
570,HP,Intel i9,32,2048,SSD,,50,32,48,50,91,65,2023-04-28,RTX 3080,13,12
571,Lenovo,Ryzen 5,8,512,SSD,,67,43,40,45,83,100,2023-09-07,RTX 3070,67,4
572,Asus,Intel i5,32,512,SSD,Windows 10,63,30,44,62,25,65,2023-02-28,RTX 3070,30,2
573,HP,Ryzen 5,8,1024,HDD,MacOS,51,51,24,76,94,83,2023-07-14,RTX 3060,37,6
574,Asus,Ryzen 7,8,,SSD,Ubuntu,71,40,58,75,93,60,2023-02-19,RTX 3070,89,
575,Apple,Intel i7,8,2048,SSD,Ubuntu,53,42,63,31,90,80,2023-10-23,Intel Iris,35,6
576,Apple,Intel i5,16,512,SSD,Windows 10,42,72,16,98,79,85,2023-04-07,GTX 1650,54,4
577,Dell,Intel i5,,256,SSD,Ubuntu,43,37,35,47,75,77,2023-05-07,RTX 3060,50,6
578,Apple,Ryzen 5,16,512,HDD,,40,47,50,54,95,90,2023-09-03,GTX 1650,13,6
579,Lenovo,Ryzen 5,8,1024,,MacOS,50,43,35,41,100,81,2023-03-28,Intel Iris,20,4
580,HP,Intel i9,16,512,SSD,Windows 11,73,44,44,100,46,72,2023-03-18,Intel Iris,80,8
581,Lenovo,Intel i7,8,512,SSD,Windows 10,42,90,90,64,96,71,2023-07-23,RTX 3060,51,12
582,,Intel i7,32,1024,SSD,Windows 11,57,30,24,42,67,92,2023-05-26,Intel Iris,39,8
583,Lenovo,Ryzen 5,16,512,SSD,MacOS,45,59,1,77,66,70,2023-05-29,RTX 3070,29,4
584,HP,Intel i9,8,2048,SSD,Ubuntu,51,86,35,75,31,93,2023-04-21,RTX 3080,46,4
585,Asus,Ryzen 9,16,512,SSD,Windows 11,999,66,41,56,62,98,2023-05-09,RTX 3080,48,4
586,HP,Intel i5,16,512,,Windows 10,51,50,37,76,45,54,2023-09-10,Intel Iris,44,4
587,Dell,Ryzen 5,4,512,SSD,Windows 11,52,32,56,43,58,96,2023-06-15,AMD Radeon,61,4
588,Dell,Intel i9,16,1024,HDD,Windows 11,63,69,24,50,42,100,2023-10-24,AMD Radeon,22,8
589,Dell,Intel i9,8,256,SSD,MacOS,58,64,20,19,58,83,2023-05-17,RTX 3060,19,4
590,Dell,Ryzen 5,16,256,SSD,Ubuntu,37,30,33,105,59,88,2023-10-06,AMD Radeon,60,8
591,Dell,Ryzen 5,32,,SSD,Windows 11,71,45,33,96,72,95,2023-11-30,RTX 3060,82,12
592,Asus,,32,256,HDD,Windows 11,58,31,100,92,29,75,2023-01-11,RTX 3070,56,2
593,Dell,Intel i5,16,1024,SSD,Windows 10,57,30,88,61,33,82,2023-03-12,RTX 3080,65,
594,HP,Intel i5,16,1024,SSD,,54,31,8,93,79,60,2023-06-08,RTX 3080,38,8
595,Apple,Ryzen 5,8,512,SSD,Windows 11,47,51,1,56,50,82,2023-08-04,GTX 1650,45,6
596,Lenovo,Ryzen 5,16,1024,SSD,Windows 11,58,58,47,55,96,87,2023-01-26,RTX 3080,45,4
597,Asus,Intel i7,8,256,SSD,Windows 11,62,45,97,61,75,87,2023-10-13,AMD Radeon,38,6
598,Dell,Intel i5,8,1024,HDD,Ubuntu,28,70,66,57,85,95,2023-06-11,RTX 3070,68,4
599,Dell,Intel i5,8,512,SSD,Ubuntu,46,65,49,55,100,68,2023-04-12,RTX 3070,62,6
600,Dell,Ryzen 7,8,1024,HDD,Ubuntu,51,48,38,82,62,72,2023-03-10,AMD Radeon,32,2
601,Dell,Intel i5,16,256,HDD,Windows 10,58,46,76,63,55,100,2023-05-13,RTX 3060,7,6
602,HP,Intel i7,4,1024,SSD,Windows 11,72,55,54,74,91,77,2023-07-08,GTX 1650,38,4
603,Dell,Intel i7,16,256,SSD,Windows 10,43,49,93,80,82,83,2023-07-30,GTX 1650,16,2
604,Dell,Intel i7,8,512,SSD,Ubuntu,47,30,7,67,65,78,2023-08-31,RTX 3080,40,6
605,Dell,Intel i5,4,256,SSD,Windows 10,47,45,60,40,100,67,2023-06-15,GTX 1650,18,6
606,Lenovo,Intel i9,16,256,SSD,Windows 11,42,59,35,32,64,100,2023-03-02,RTX 3060,65,6
607,HP,Intel i5,4,1024,SSD,MacOS,49,69,60,62,70,72,2023-12-28,Intel Iris,53,2
608,HP,Ryzen 7,8,512,HDD,MacOS,66,64,56,56,70,63,2023-10-06,RTX 3060,53,8
609,Lenovo,Intel i7,16,2048,,Windows 11,39,55,62,61,46,73,2023-04-23,RTX 3080,61,6
610,Asus,Intel i9,4,,SSD,Windows 11,61,71,74,59,71,49,2023-01-30,RTX 3060,47,4
611,Dell,Ryzen 7,32,1024,SSD,Windows 10,29,56,84,100,100,70,2023-11-19,RTX 3080,50,6
612,Asus,Ryzen 5,4,256,HDD,Ubuntu,999,48,98,33,81,65,2023-06-10,GTX 1650,68,6
613,Asus,Intel i9,8,512,SSD,MacOS,50,72,50,20,70,89,2023-08-22,AMD Radeon,37,2
614,Dell,Intel i7,16,1024,HDD,Windows 10,80,60,36,105,65,69,2023-12-05,Intel Iris,52,6
615,Apple,Intel i7,8,512,HDD,Windows 11,50,69,19,52,78,93,2023-06-19,RTX 3080,18,8
616,Apple,Ryzen 5,8,256,SSD,MacOS,21,32,60,66,88,100,2023-11-14,AMD Radeon,41,8
617,Dell,,8,1024,SSD,MacOS,25,37,70,71,85,91,2023-07-05,RTX 3080,85,4
618,HP,Ryzen 5,8,1024,SSD,Windows 10,55,37,16,85,61,76,2023-02-26,GTX 1650,56,8
619,Apple,Ryzen 5,32,1024,SSD,Windows 11,64,52,78,29,78,82,2023-08-28,GTX 1650,38,4
620,Asus,Ryzen 5,8,256,SSD,Windows 10,60,77,47,48,81,57,2023-09-14,RTX 3080,45,12
621,Dell,Intel i9,16,1024,SSD,Windows 10,57,32,18,68,44,77,2023-12-24,Intel Iris,39,2
622,HP,Intel i5,32,256,SSD,MacOS,72,63,28,75,74,67,2023-07-20,RTX 3060,44,6
623,HP,Ryzen 5,8,256,HDD,MacOS,46,31,26,100,15,90,2023-11-21,GTX 1650,32,6
624,Lenovo,Ryzen 9,32,2048,SSD,Ubuntu,68,81,26,79,82,100,2023-11-11,Intel Iris,49,4
625,Asus,Intel i5,8,256,SSD,Windows 10,30,30,64,58,86,87,2023-10-29,AMD Radeon,50,8
626,HP,Ryzen 5,,512,SSD,MacOS,41,61,71,42,88,50,2023-04-16,Intel Iris,40,6
627,Lenovo,Intel i7,4,128,SSD,Windows 11,27,63,92,48,60,74,2023-10-17,RTX 3080,42,2
628,Asus,Intel i9,16,2048,SSD,Windows 11,50,59,32,48,77,81,2023-04-11,GTX 1650,46,6
629,Dell,Intel i5,8,1024,SSD,Windows 11,54,36,58,73,100,81,2023-04-07,RTX 3070,29,6
630,HP,Intel i9,8,1024,SSD,Windows 10,56,34,33,65,100,69,2023-06-02,RTX 3080,49,4
631,Asus,Ryzen 7,16,1024,HDD,Ubuntu,55,69,50,33,69,83,2023-01-29,AMD Radeon,55,
632,Apple,Intel i7,16,256,SSD,Windows 11,41,65,12,51,73,61,2023-06-02,AMD Radeon,69,8
633,Lenovo,Ryzen 5,4,512,SSD,Windows 10,52,65,21,77,97,65,2023-03-14,Intel Iris,46,4
634,Lenovo,Ryzen 7,8,512,SSD,Windows 10,32,67,70,67,32,89,2023-09-11,RTX 3060,28,6
635,Dell,Ryzen 7,16,256,HDD,Windows 10,75,30,12,71,61,64,2023-01-04,Intel Iris,37,4
636,Lenovo,Intel i7,16,512,,Windows 10,50,30,65,67,100,88,2023-08-25,AMD Radeon,17,8
637,Lenovo,Intel i7,,2048,SSD,Windows 11,47,39,33,92,94,59,2023-02-07,RTX 3070,54,12
638,HP,Intel i5,16,128,SSD,MacOS,78,42,1,64,79,100,2023-01-20,RTX 3080,1,4
639,HP,,,512,SSD,Windows 10,36,41,1,52,32,68,2023-04-23,Intel Iris,60,8
640,HP,Ryzen 7,16,256,SSD,Windows 10,38,54,86,41,68,76,2023-01-23,GTX 1650,62,6
641,Dell,Intel i9,8,256,SSD,Windows 11,38,66,2,64,55,84,2023-05-16,,1,4
642,HP,Ryzen 7,8,2048,SSD,MacOS,53,45,48,11,78,71,2023-09-05,RTX 3080,65,12
643,HP,Intel i9,16,512,SSD,Windows 11,61,37,58,56,49,82,2023-10-28,Intel Iris,60,6
644,HP,Ryzen 5,16,512,HDD,Windows 11,66,62,17,55,44,88,2023-04-07,Intel Iris,34,6
645,Dell,Intel i5,4,1024,SSD,Windows 11,93,45,36,32,18,94,2023-02-02,RTX 3080,16,6
646,Apple,Ryzen 7,8,256,SSD,Windows 10,21,51,61,41,100,91,2023-05-15,Intel Iris,23,4
647,Lenovo,Intel i5,,512,SSD,Windows 10,64,45,57,76,60,77,2023-09-12,RTX 3080,24,4
648,Asus,Ryzen 7,16,512,HDD,Ubuntu,46,55,38,64,73,77,2023-10-05,RTX 3080,66,12
649,Asus,Ryzen 7,8,1024,SSD,Ubuntu,999,34,55,62,69,100,2023-05-13,RTX 3060,31,6
650,Lenovo,Ryzen 5,8,,HDD,Windows 11,45,60,47,66,43,94,2023-08-26,RTX 3070,58,8
651,Dell,Intel i5,8,1024,HDD,Ubuntu,41,49,25,61,38,66,2023-01-15,Intel Iris,37,4
652,Lenovo,Intel i7,8,512,SSD,Ubuntu,80,38,80,84,44,81,2023-10-04,AMD Radeon,41,6
653,Lenovo,Intel i7,8,1024,SSD,Windows 10,67,57,55,62,51,74,2023-05-06,RTX 3070,8,12
654,Asus,Intel i7,4,256,SSD,Windows 11,55,38,3,30,79,77,2023-12-11,RTX 3070,17,4
655,Lenovo,Intel i5,16,128,SSD,Windows 10,75,39,63,92,50,61,2023-01-17,RTX 3060,65,4
656,Dell,Ryzen 7,8,256,HDD,Windows 10,32,31,34,67,100,73,2023-11-08,GTX 1650,36,6
657,HP,Ryzen 5,32,512,SSD,Ubuntu,35,30,42,48,95,100,2023-02-19,AMD Radeon,46,4
658,HP,Intel i7,32,512,SSD,MacOS,22,58,50,34,90,88,2023-05-15,GTX 1650,76,4
659,Asus,Intel i7,8,1024,HDD,,44,67,30,67,67,42,2023-04-28,GTX 1650,37,8
660,Lenovo,Intel i9,16,2048,SSD,Ubuntu,57,43,95,57,100,98,2023-11-02,GTX 1650,36,
661,HP,Ryzen 5,8,512,SSD,Windows 10,56,38,12,91,64,96,2023-03-01,RTX 3060,64,6
662,,Intel i9,32,512,SSD,Windows 10,57,30,51,53,69,74,2023-05-05,Intel Iris,40,8
663,Asus,Ryzen 7,8,256,SSD,MacOS,33,30,59,43,74,90,2023-04-26,GTX 1650,46,8
664,HP,Intel i9,16,128,SSD,Windows 11,67,60,51,77,87,67,2023-06-22,GTX 1650,59,8
665,Dell,,16,1024,SSD,Ubuntu,58,30,45,78,85,72,2023-07-06,Intel Iris,40,2
666,Dell,Ryzen 7,8,512,SSD,Ubuntu,65,32,40,63,58,100,2023-03-29,Intel Iris,55,4
667,HP,Intel i7,8,1024,HDD,Ubuntu,26,54,29,73,56,75,2023-07-22,Intel Iris,37,2
668,Dell,Ryzen 7,16,256,SSD,MacOS,59,51,29,59,85,51,2023-12-27,AMD Radeon,59,2
669,Dell,Intel i5,16,128,SSD,Windows 10,37,54,78,64,87,79,2023-11-07,,48,4
670,HP,Ryzen 7,8,512,SSD,Ubuntu,49,50,38,83,60,78,2023-11-16,GTX 1650,35,4
671,Dell,Intel i7,16,256,SSD,MacOS,63,44,100,72,30,97,2023-07-01,RTX 3060,41,4
672,Apple,Ryzen 7,8,128,SSD,Windows 10,56,32,66,56,64,80,2023-12-18,RTX 3080,1,2
673,Dell,Ryzen 7,16,1024,SSD,Ubuntu,42,40,1,87,85,73,2023-06-17,Intel Iris,63,6
674,Lenovo,Ryzen 7,8,256,HDD,Windows 11,55,45,72,12,100,95,2023-06-30,RTX 3060,14,4
675,Lenovo,Ryzen 7,32,1024,SSD,,32,30,48,100,40,81,2023-10-27,RTX 3060,18,8
676,,Intel i7,8,512,SSD,Windows 10,72,38,15,25,59,68,2023-05-10,RTX 3060,31,2
677,Dell,Intel i5,8,256,HDD,Windows 11,51,44,82,47,60,97,2023-05-29,Intel Iris,4,8
678,HP,Intel i9,4,512,,Windows 10,71,39,39,59,100,82,2023-11-02,RTX 3080,49,12
679,,Intel i5,8,1024,SSD,Ubuntu,47,44,36,57,69,80,2023-07-28,RTX 3070,47,8
680,Apple,Ryzen 5,16,512,SSD,Windows 10,47,60,59,80,47,82,2023-04-21,RTX 3060,30,8
681,Apple,Intel i7,8,1024,HDD,Windows 10,43,61,78,38,83,63,2023-05-17,Intel Iris,26,12
682,HP,Ryzen 9,32,256,HDD,Windows 11,68,72,52,65,59,72,2023-12-21,RTX 3070,26,4
683,Dell,Ryzen 5,4,1024,SSD,MacOS,44,30,51,48,39,80,2023-07-30,RTX 3070,52,
684,Asus,Ryzen 7,8,256,HDD,Windows 10,64,43,32,65,47,77,2023-05-26,GTX 1650,8,8
685,Apple,Intel i5,8,1024,SSD,Windows 10,49,68,78,58,100,99,2023-03-25,GTX 1650,31,8
686,Lenovo,Ryzen 7,4,1024,SSD,Ubuntu,25,30,53,61,79,83,2023-01-30,RTX 3070,9,4
687,Lenovo,Ryzen 7,8,2048,HDD,Windows 11,46,32,44,49,72,92,2023-03-06,GTX 1650,55,6
688,HP,Intel i9,8,512,HDD,MacOS,37,40,41,49,63,80,2023-01-24,RTX 3070,33,6
689,Asus,Ryzen 5,8,256,SSD,Windows 10,55,80,75,65,77,95,2023-07-30,Intel Iris,50,6
690,Dell,Ryzen 7,8,128,,Ubuntu,37,35,43,78,77,85,2023-08-10,RTX 3070,64,8
691,HP,Intel i5,16,1024,SSD,Windows 10,68,66,75,48,77,80,2023-03-31,RTX 3060,65,2
692,Lenovo,Intel i9,16,512,SSD,Windows 10,53,49,38,42,72,79,2023-04-16,Intel Iris,19,4
693,Lenovo,Intel i7,4,1024,SSD,Ubuntu,52,32,68,72,91,65,2023-06-21,Intel Iris,46,6
694,HP,Intel i5,8,256,SSD,Windows 11,64,90,55,59,70,87,2023-08-18,RTX 3060,62,4
695,Dell,Intel i7,,512,SSD,Ubuntu,69,52,26,105,45,79,2023-03-18,RTX 3060,53,4
696,Asus,Intel i5,16,128,SSD,Windows 11,54,55,47,41,54,72,2023-03-09,Intel Iris,55,4
697,HP,Intel i5,16,,SSD,Windows 11,43,58,1,24,20,96,2023-12-31,Intel Iris,4,4
698,Lenovo,Intel i5,8,1024,SSD,Windows 11,28,56,31,49,100,61,2023-12-19,RTX 3070,53,6
699,Dell,Ryzen 9,16,2048,HDD,,44,82,10,44,91,73,2023-04-02,GTX 1650,24,2
700,Lenovo,Intel i9,16,512,,Windows 10,45,76,99,58,49,95,2023-03-29,RTX 3060,53,12
701,Lenovo,Ryzen 9,16,1024,HDD,Windows 10,56,36,10,47,62,84,2023-02-19,RTX 3080,52,8
702,Dell,Intel i9,,1024,HDD,Windows 11,49,80,100,74,54,79,2023-04-13,RTX 3060,51,8
703,HP,Intel i7,8,512,SSD,Windows 11,65,39,62,54,100,83,2023-02-15,RTX 3070,37,4
704,Dell,Intel i9,4,1024,SSD,Windows 10,45,54,37,63,34,82,2023-06-28,RTX 3060,66,6
705,Dell,Intel i9,16,2048,SSD,MacOS,54,30,70,63,72,57,2023-09-24,RTX 3080,50,6
706,,Intel i5,32,2048,SSD,Windows 10,72,65,33,63,67,74,2023-09-25,RTX 3080,46,
707,HP,Ryzen 5,8,1024,SSD,MacOS,60,45,14,59,90,100,2023-11-16,RTX 3080,21,8
708,Apple,Intel i7,8,512,HDD,Windows 10,54,32,51,70,67,70,2023-01-08,RTX 3060,47,6
709,HP,Ryzen 5,4,512,SSD,Ubuntu,45,67,67,44,26,75,2023-09-22,RTX 3070,79,8
710,Asus,Ryzen 5,8,,SSD,MacOS,45,71,81,87,63,71,2023-03-19,Intel Iris,12,4
711,Asus,Intel i5,16,128,SSD,Windows 10,42,72,62,55,45,78,2023-08-28,RTX 3070,54,2
712,Lenovo,Intel i5,16,1024,SSD,,46,30,36,33,71,71,2023-09-15,Intel Iris,57,6
713,Lenovo,Ryzen 7,8,1024,HDD,Windows 11,66,73,84,63,100,87,2023-07-15,RTX 3070,74,2
714,Lenovo,Intel i9,8,1024,SSD,MacOS,51,45,79,42,26,82,2023-11-26,RTX 3080,54,4
715,HP,Intel i5,4,,SSD,Ubuntu,34,80,56,73,49,91,2023-05-11,GTX 1650,40,8
716,Apple,,8,512,SSD,Windows 11,999,59,80,100,56,64,2023-12-09,AMD Radeon,48,4
717,Apple,Intel i5,16,512,SSD,Windows 10,59,53,100,44,60,74,2023-09-18,RTX 3060,34,6
718,,Ryzen 5,,256,,Windows 11,33,50,36,66,88,76,2023-08-30,RTX 3060,64,12
719,Dell,Ryzen 9,32,512,SSD,Windows 10,48,49,27,105,65,86,2023-06-20,GTX 1650,9,4
720,Asus,Intel i7,4,512,SSD,Windows 10,56,39,35,69,80,68,2023-05-27,AMD Radeon,30,4
721,Apple,Intel i5,32,512,SSD,Windows 10,80,33,16,42,54,93,2023-09-27,,48,4
722,Dell,Intel i5,16,1024,HDD,Windows 11,38,44,64,47,75,97,2023-05-29,RTX 3080,63,4
723,Dell,Intel i7,16,2048,HDD,Ubuntu,69,67,9,37,89,65,2023-10-26,RTX 3080,39,2
724,Asus,Intel i5,8,256,SSD,Windows 10,75,30,81,74,51,72,2023-01-28,GTX 1650,24,2
725,Lenovo,Ryzen 5,8,512,HDD,Windows 10,45,70,33,80,89,72,2023-05-29,GTX 1650,35,6
726,Apple,Intel i5,8,2048,HDD,Ubuntu,50,52,83,60,71,100,2023-10-07,GTX 1650,32,4
727,Dell,Intel i9,4,256,SSD,Windows 10,39,61,1,42,96,73,2023-07-01,Intel Iris,33,8
728,Asus,,8,256,SSD,Windows 10,51,62,40,91,64,100,2023-06-15,Intel Iris,31,8
729,HP,Ryzen 7,8,256,SSD,Windows 10,54,63,17,44,79,61,2023-01-17,RTX 3080,31,8
730,Dell,Ryzen 5,8,1024,HDD,MacOS,64,50,83,16,68,65,2023-05-30,RTX 3080,5,6
731,Dell,Intel i7,16,256,HDD,MacOS,71,50,91,69,67,69,2023-12-05,GTX 1650,46,4
732,Apple,Ryzen 5,8,,HDD,Windows 11,43,63,1,37,76,67,2023-02-14,RTX 3080,53,8
733,Asus,Intel i9,4,512,SSD,Ubuntu,25,34,71,79,83,75,2023-11-26,RTX 3080,69,4
734,Lenovo,Intel i9,,512,SSD,Windows 11,54,32,76,52,38,69,2023-07-08,RTX 3060,57,2
735,HP,Intel i5,32,256,SSD,Ubuntu,59,43,58,72,100,67,2023-05-19,RTX 3060,56,8
736,Apple,Ryzen 7,16,512,HDD,Ubuntu,58,54,64,88,23,97,2023-03-02,RTX 3080,45,4
737,HP,Intel i9,,1024,SSD,Ubuntu,50,78,62,35,52,98,2023-10-21,Intel Iris,4,4
738,Apple,Intel i5,16,1024,SSD,Windows 10,56,50,71,48,67,94,2023-11-18,RTX 3070,45,8
739,Lenovo,Intel i7,,1024,SSD,Windows 10,77,80,22,58,80,87,2023-02-02,RTX 3080,42,12
740,HP,Intel i9,4,1024,SSD,Windows 11,60,57,80,90,100,81,2023-10-26,RTX 3070,60,4
741,Lenovo,Ryzen 7,8,2048,SSD,MacOS,49,43,55,46,23,72,2023-04-22,RTX 3060,51,4
742,HP,Ryzen 5,8,1024,HDD,Windows 11,47,67,53,48,57,65,2023-10-18,AMD Radeon,37,6
743,Asus,Ryzen 7,8,1024,HDD,MacOS,52,46,64,69,16,85,2023-02-06,Intel Iris,79,8
744,Lenovo,Intel i5,8,256,,,79,53,18,48,70,62,2023-04-10,RTX 3060,56,2
745,HP,Intel i9,16,128,HDD,Windows 10,52,30,11,63,76,65,2023-01-23,Intel Iris,46,6
746,Apple,Intel i9,16,256,HDD,Ubuntu,54,30,46,28,100,97,2023-08-06,RTX 3070,49,12
747,HP,Intel i5,16,1024,HDD,Ubuntu,47,58,88,100,73,100,2023-03-30,,41,4
748,Lenovo,Intel i7,8,512,HDD,,71,66,20,33,96,85,2023-07-28,RTX 3070,40,12
749,Apple,Ryzen 7,32,512,SSD,,84,79,54,53,84,96,2023-09-28,RTX 3070,1,12
750,Asus,Intel i5,16,2048,SSD,Ubuntu,61,37,32,59,59,76,2023-08-25,GTX 1650,21,4
751,Dell,Intel i9,8,2048,SSD,Windows 10,56,71,28,98,34,59,2023-07-28,Intel Iris,29,8
752,Apple,Intel i7,16,2048,SSD,Ubuntu,55,69,62,33,76,89,2023-10-05,RTX 3060,49,4
753,Asus,Intel i5,8,512,SSD,Windows 10,19,42,68,99,32,88,2023-07-25,Intel Iris,6,8
754,HP,Intel i7,8,1024,SSD,Ubuntu,66,70,30,75,100,81,2023-03-19,RTX 3060,29,8
755,Dell,Ryzen 9,32,512,SSD,MacOS,57,64,84,68,65,76,2023-11-24,AMD Radeon,27,4
756,Asus,Ryzen 7,8,256,SSD,Windows 11,61,67,60,40,99,94,2023-04-08,RTX 3060,42,8
757,Asus,Ryzen 9,8,256,HDD,Ubuntu,44,82,43,71,57,65,2023-12-12,AMD Radeon,49,8
758,Lenovo,Intel i9,32,512,SSD,Windows 11,49,66,58,45,76,68,2023-12-31,RTX 3080,27,4
759,Apple,Intel i5,16,512,SSD,Windows 11,48,30,100,85,75,64,2023-12-16,RTX 3080,28,4
760,Asus,Intel i9,4,1024,,Windows 11,70,54,68,40,68,81,2023-12-02,AMD Radeon,26,2
761,Dell,Intel i9,8,256,SSD,Ubuntu,49,30,32,57,59,63,2023-04-04,,32,6
762,HP,Ryzen 7,4,1024,,MacOS,86,52,49,48,79,69,2023-03-21,GTX 1650,38,12
763,HP,Intel i5,16,512,SSD,MacOS,61,51,53,40,46,69,2023-02-07,RTX 3060,66,8
764,Asus,Intel i9,8,512,HDD,Windows 10,35,41,66,74,39,76,2023-08-16,RTX 3080,19,6
765,Dell,Intel i5,8,512,SSD,MacOS,53,34,55,70,100,57,2023-05-14,RTX 3080,75,6
766,Lenovo,Intel i7,,512,,Ubuntu,45,42,97,84,88,81,2023-07-15,RTX 3080,15,4
767,Asus,Ryzen 5,16,1024,SSD,Windows 10,22,44,44,24,71,98,2023-10-09,GTX 1650,59,4
768,Apple,Intel i9,8,512,HDD,Windows 10,78,48,6,81,100,82,2023-04-11,RTX 3060,30,6
769,HP,Intel i7,16,256,SSD,Windows 10,65,51,55,100,63,100,2023-03-16,Intel Iris,21,6
770,Apple,Intel i7,16,256,SSD,MacOS,62,58,38,50,100,100,2023-10-21,Intel Iris,66,6
771,Dell,Intel i9,4,512,HDD,Ubuntu,57,45,12,97,74,91,2023-07-27,RTX 3060,41,12
772,Apple,Ryzen 7,8,2048,SSD,Ubuntu,34,69,32,54,44,81,2023-03-24,GTX 1650,40,6
773,Dell,Ryzen 7,32,512,HDD,Windows 10,47,49,41,32,100,80,2023-05-23,GTX 1650,34,6
774,HP,Ryzen 9,8,1024,SSD,Ubuntu,67,63,78,53,94,91,2023-02-25,GTX 1650,28,4
775,Asus,Ryzen 7,16,1024,SSD,Windows 10,39,45,12,80,66,74,2023-12-27,RTX 3060,36,
776,Dell,Intel i7,8,2048,SSD,Windows 11,17,90,58,43,88,51,2023-10-14,GTX 1650,1,8
777,HP,Ryzen 5,4,1024,HDD,Ubuntu,51,57,100,47,59,87,2023-07-30,RTX 3070,2,8
778,Asus,Intel i9,8,1024,SSD,Windows 10,52,74,45,71,90,63,2023-06-28,RTX 3080,47,6
779,Asus,Intel i7,8,1024,HDD,MacOS,999,39,44,60,10,65,2023-02-27,Intel Iris,63,6
780,Asus,Ryzen 7,8,2048,HDD,Windows 10,65,43,67,71,44,80,2023-03-14,Intel Iris,67,6
781,Asus,Intel i5,4,512,HDD,Ubuntu,64,46,63,64,94,78,2023-08-03,RTX 3060,20,4
782,Lenovo,Ryzen 7,32,512,HDD,Windows 11,58,87,85,69,63,58,2023-09-23,GTX 1650,43,6
783,HP,Intel i9,,128,SSD,Windows 11,72,46,45,51,75,82,2023-03-14,AMD Radeon,1,12
784,HP,Ryzen 5,16,1024,HDD,Windows 10,32,37,67,64,36,94,2023-09-28,RTX 3060,32,4
785,Dell,Ryzen 5,32,1024,SSD,Windows 10,62,69,67,41,100,63,2023-12-20,Intel Iris,56,2
786,Apple,Ryzen 7,8,256,SSD,MacOS,64,50,41,85,99,99,2023-08-22,Intel Iris,39,8
787,Lenovo,Ryzen 5,,1024,SSD,Windows 10,36,46,47,47,64,56,2023-11-15,Intel Iris,33,4
788,Lenovo,Ryzen 5,8,512,SSD,MacOS,32,40,49,82,59,100,2023-01-19,RTX 3070,39,6
789,Lenovo,Intel i5,,256,SSD,,43,57,19,55,95,73,2023-04-23,RTX 3070,65,6
790,Apple,Intel i9,,,SSD,Windows 10,45,65,40,64,100,82,2023-03-04,AMD Radeon,35,4
791,Dell,Intel i5,16,256,HDD,Windows 10,66,61,87,50,93,51,2023-07-03,RTX 3070,41,8
792,Lenovo,Ryzen 5,,256,,Ubuntu,999,42,75,39,100,79,2023-10-04,RTX 3060,70,6
793,Lenovo,Intel i9,16,1024,HDD,,42,35,35,25,46,83,2023-06-11,GTX 1650,35,8
794,Asus,Ryzen 5,8,1024,HDD,MacOS,45,30,49,38,49,78,2023-08-31,RTX 3060,7,8
795,Dell,Intel i5,8,128,HDD,Windows 11,71,35,74,53,40,71,2023-05-25,Intel Iris,67,8
796,Apple,Intel i5,16,1024,SSD,Ubuntu,55,44,61,64,81,65,2023-05-26,GTX 1650,60,2
797,Apple,Ryzen 5,4,512,HDD,Windows 10,52,49,69,80,74,96,2023-03-22,Intel Iris,1,4
798,Lenovo,Intel i5,16,256,SSD,,53,45,63,51,66,80,2023-11-18,Intel Iris,37,2
799,Asus,Intel i5,,256,HDD,,74,90,55,42,90,100,2023-11-17,RTX 3060,39,6
800,Apple,Intel i5,8,1024,SSD,Windows 10,43,57,45,31,100,72,2023-02-12,RTX 3070,67,8
801,Asus,Ryzen 9,16,512,HDD,Windows 10,74,31,20,69,31,73,2023-11-09,Intel Iris,39,6
802,Dell,Ryzen 5,32,2048,HDD,Windows 10,58,59,67,87,55,92,2023-10-20,RTX 3080,43,8
803,Lenovo,Intel i7,32,1024,SSD,Windows 10,52,55,44,85,90,55,2023-06-25,AMD Radeon,43,4
804,Asus,Intel i7,,,HDD,MacOS,92,34,8,74,58,61,2023-03-10,Intel Iris,30,4
805,Lenovo,Intel i7,16,512,SSD,Windows 11,39,54,36,72,50,96,2023-02-25,RTX 3060,65,8
806,Asus,Ryzen 7,,,SSD,Windows 10,49,57,71,93,95,62,2023-04-29,Intel Iris,24,6
807,Apple,Ryzen 5,16,512,HDD,Windows 11,36,65,2,66,37,52,2023-07-23,RTX 3060,30,8
808,Apple,Intel i5,8,512,,,69,30,24,72,62,100,2023-02-24,RTX 3060,39,4
809,Lenovo,Intel i5,8,256,HDD,Ubuntu,80,59,53,53,78,59,2023-02-07,Intel Iris,13,12
810,Dell,Intel i5,16,256,SSD,Windows 11,80,71,85,32,55,82,2023-08-31,Intel Iris,75,6
811,,Ryzen 5,8,1024,HDD,Windows 10,73,78,74,46,89,81,2023-07-20,RTX 3080,39,8
812,Apple,Ryzen 7,16,512,SSD,,52,31,87,59,55,37,2023-08-24,RTX 3070,56,2
813,Dell,Intel i7,16,256,HDD,MacOS,49,47,55,61,100,75,2023-01-15,RTX 3070,20,6
814,Apple,Intel i5,8,1024,SSD,Windows 10,29,49,44,98,66,86,2023-05-24,RTX 3070,54,12
815,Apple,Intel i5,16,512,SSD,Windows 10,85,60,71,61,86,85,2023-03-18,RTX 3070,55,8
816,Lenovo,Ryzen 9,16,1024,SSD,Windows 10,62,47,27,83,88,93,2023-11-05,RTX 3070,58,2
817,Lenovo,Intel i7,8,512,SSD,Windows 10,47,39,25,51,54,74,2023-09-20,GTX 1650,78,4
818,HP,Ryzen 7,4,1024,SSD,Windows 11,74,53,21,53,18,90,2023-07-04,AMD Radeon,28,6
819,Dell,Ryzen 5,4,1024,SSD,MacOS,40,44,77,33,79,69,2023-02-24,RTX 3070,36,4
820,HP,Intel i7,8,512,HDD,Windows 11,61,58,29,45,71,58,2023-11-04,RTX 3060,23,8
821,Apple,Intel i7,32,512,HDD,MacOS,52,37,75,70,83,60,2023-01-04,Intel Iris,38,4
822,Dell,Intel i5,8,512,HDD,Windows 11,64,34,53,60,64,58,2023-10-26,Intel Iris,53,4
823,HP,Ryzen 5,16,1024,SSD,Ubuntu,54,69,77,78,59,95,2023-02-09,AMD Radeon,52,6
824,HP,Ryzen 7,8,512,SSD,Ubuntu,33,84,22,63,100,57,2023-08-18,RTX 3060,72,6
825,Lenovo,Ryzen 5,8,256,SSD,Windows 10,56,77,34,52,33,84,2023-10-13,RTX 3060,49,8
826,Apple,Intel i9,32,256,HDD,Windows 11,70,48,61,100,88,76,2023-05-18,RTX 3080,40,12
827,HP,Intel i5,16,512,SSD,Ubuntu,54,65,39,58,55,78,2023-04-13,GTX 1650,18,4
828,HP,Ryzen 9,4,512,HDD,Windows 10,66,39,1,83,61,100,2023-01-07,RTX 3080,57,8
829,Asus,Ryzen 7,8,1024,SSD,Windows 11,39,57,15,51,62,73,2023-06-13,GTX 1650,36,4
830,Lenovo,Intel i7,4,256,SSD,Windows 11,54,41,22,74,49,89,2023-12-31,RTX 3060,57,6
831,HP,Ryzen 9,8,512,SSD,,45,68,24,78,84,80,2023-10-03,RTX 3080,31,2
832,Lenovo,Ryzen 5,16,1024,SSD,Windows 11,66,66,67,64,100,77,2023-02-18,GTX 1650,64,4
833,Dell,Ryzen 5,8,1024,SSD,MacOS,55,81,58,12,81,100,2023-04-06,RTX 3080,47,4
834,Dell,Ryzen 5,8,512,HDD,Windows 11,65,46,54,60,72,58,2023-02-28,GTX 1650,59,4
835,Lenovo,Ryzen 7,8,512,SSD,Ubuntu,71,73,100,84,45,99,2023-08-19,RTX 3080,47,8
836,Lenovo,Ryzen 5,32,512,HDD,Windows 11,65,57,79,70,82,89,2023-06-26,RTX 3070,21,8
837,Apple,Intel i5,,2048,SSD,MacOS,59,51,70,68,100,72,2023-03-31,RTX 3070,32,12
838,HP,Intel i7,4,256,SSD,Windows 11,40,55,12,25,60,100,2023-10-09,RTX 3080,14,6
839,Lenovo,Ryzen 7,16,2048,HDD,Ubuntu,54,75,51,45,60,52,2023-02-05,RTX 3060,43,4
840,Asus,Intel i7,8,1024,HDD,Ubuntu,47,48,57,68,55,72,2023-06-20,GTX 1650,10,4
841,Dell,Intel i7,8,512,,Windows 11,49,48,39,68,57,61,2023-05-06,Intel Iris,45,4
842,Asus,Intel i9,16,128,,Windows 10,49,30,92,84,1,86,2023-10-26,RTX 3070,1,4
843,Dell,Intel i9,32,512,SSD,Windows 10,40,47,51,57,80,63,2023-12-21,RTX 3060,56,6
844,,Ryzen 5,,512,HDD,Windows 10,25,53,19,68,48,86,2023-07-23,,17,6
845,Dell,Ryzen 7,16,256,HDD,MacOS,44,38,25,60,29,77,2023-10-16,RTX 3070,20,4
846,Lenovo,Intel i7,8,1024,SSD,Windows 10,57,34,100,40,88,72,2023-12-22,RTX 3060,67,4
847,Dell,Intel i5,16,,SSD,Windows 10,34,30,39,14,42,85,2023-04-07,RTX 3070,46,2
848,,Intel i5,8,1024,HDD,Ubuntu,55,41,1,68,61,75,2023-08-26,Intel Iris,56,4
849,Lenovo,Ryzen 7,16,1024,SSD,Windows 11,83,71,35,63,100,63,2023-06-22,RTX 3070,19,4
850,Lenovo,Ryzen 5,8,256,HDD,Windows 11,70,30,4,47,34,100,2023-10-28,GTX 1650,59,8
851,Dell,Intel i7,16,512,,Windows 10,79,61,72,27,31,72,2023-03-29,RTX 3080,37,4
852,Asus,Ryzen 7,8,256,SSD,,60,63,1,72,76,46,2023-12-17,RTX 3060,42,8
853,HP,Ryzen 7,8,1024,SSD,MacOS,72,86,14,54,98,67,2023-01-17,RTX 3070,69,4
854,Apple,Ryzen 7,32,2048,SSD,MacOS,44,65,50,71,30,60,2023-05-20,Intel Iris,16,2
855,HP,Ryzen 7,8,1024,SSD,Windows 11,45,64,77,97,80,92,2023-09-11,GTX 1650,58,8
856,Dell,Intel i7,16,256,HDD,Ubuntu,13,55,48,17,84,84,2023-10-05,RTX 3060,47,6
857,Dell,Ryzen 7,8,512,HDD,Windows 10,72,50,18,46,18,85,2023-05-31,RTX 3060,35,4
858,Lenovo,Intel i9,4,1024,SSD,Windows 10,999,62,54,55,89,74,2023-12-12,GTX 1650,18,8
859,Lenovo,Ryzen 7,4,512,SSD,Windows 10,46,68,38,89,91,75,2023-11-30,Intel Iris,35,2
860,Dell,Ryzen 5,8,1024,SSD,Windows 11,51,52,78,27,62,74,2023-05-20,RTX 3070,23,4
861,Asus,Ryzen 7,32,1024,SSD,Windows 11,43,69,71,98,100,78,2023-04-24,GTX 1650,63,8
862,Lenovo,Ryzen 5,8,1024,SSD,Windows 11,60,90,36,62,98,92,2023-03-09,RTX 3060,41,8
863,Lenovo,Intel i5,,512,HDD,Windows 10,71,51,69,58,72,85,2023-06-28,RTX 3070,26,4
864,Lenovo,Intel i9,16,512,SSD,Windows 11,28,51,56,56,58,87,2023-05-05,RTX 3060,11,2
865,Lenovo,Ryzen 9,8,256,SSD,Ubuntu,61,48,84,51,45,87,2023-11-09,Intel Iris,30,8
866,Lenovo,Ryzen 7,16,512,SSD,Windows 11,50,52,68,80,69,93,2023-11-07,RTX 3080,64,4
867,Dell,Intel i5,16,512,SSD,Ubuntu,56,68,63,38,84,84,2023-12-04,Intel Iris,42,4
868,Dell,Intel i5,16,1024,HDD,Windows 10,61,51,83,66,61,85,2023-12-29,Intel Iris,36,6
869,Apple,Intel i5,8,1024,SSD,MacOS,52,52,50,52,15,97,2023-12-24,Intel Iris,73,12
870,Apple,Ryzen 5,8,256,SSD,Windows 11,53,46,30,44,100,70,2023-08-21,RTX 3070,31,2
871,HP,Ryzen 7,32,512,SSD,Windows 10,51,57,55,100,74,67,2023-05-27,RTX 3060,23,8
872,HP,Intel i7,32,256,HDD,Windows 10,69,42,41,68,60,62,2023-04-21,AMD Radeon,48,6
873,Asus,Intel i9,32,256,HDD,Ubuntu,61,31,65,72,91,82,2023-12-29,Intel Iris,48,6
874,Lenovo,Ryzen 7,8,1024,HDD,MacOS,58,56,51,82,100,52,2023-12-24,Intel Iris,28,8
875,Dell,Ryzen 5,16,128,HDD,Windows 11,35,79,60,31,0,86,2023-08-26,RTX 3060,24,12
876,Dell,Intel i9,8,512,SSD,Windows 10,49,45,19,95,80,78,2023-01-03,RTX 3070,68,4
877,Asus,Ryzen 5,8,256,SSD,MacOS,68,34,62,9,34,97,2023-07-30,Intel Iris,31,4
878,Asus,Intel i9,8,2048,SSD,Ubuntu,55,78,17,44,82,69,2023-01-25,RTX 3060,10,12
879,Dell,Intel i7,16,1024,SSD,Windows 11,64,50,74,50,73,76,2023-11-27,GTX 1650,43,6
880,HP,Ryzen 5,8,256,SSD,Windows 11,81,64,74,105,85,96,2023-07-03,RTX 3080,57,6
881,HP,Ryzen 5,8,512,HDD,Windows 10,70,39,58,64,57,100,2023-03-02,RTX 3060,36,6
882,Asus,Ryzen 7,32,1024,SSD,Ubuntu,56,50,57,56,23,69,2023-05-03,RTX 3070,50,8
883,Dell,Ryzen 5,8,,SSD,Windows 11,47,71,44,59,58,82,2023-02-24,RTX 3070,19,8
884,Dell,Ryzen 7,4,256,HDD,,16,51,34,40,80,84,2023-06-12,RTX 3060,52,12
885,Asus,Intel i5,4,2048,HDD,Windows 11,52,52,49,30,95,85,2023-07-06,GTX 1650,20,6
886,Dell,Intel i9,32,2048,SSD,Windows 11,50,30,99,74,40,76,2023-02-08,RTX 3070,46,4
887,Asus,Intel i5,16,2048,SSD,Windows 11,60,61,55,73,95,99,2023-07-04,RTX 3070,55,6
888,HP,Intel i7,8,1024,SSD,MacOS,52,38,16,91,53,51,2023-03-24,Intel Iris,41,6
889,Dell,Ryzen 5,32,1024,HDD,MacOS,50,66,7,44,79,73,2023-07-14,RTX 3080,15,6
890,HP,,32,512,SSD,Windows 11,28,53,14,73,57,86,2023-02-03,RTX 3070,16,6
891,Asus,Intel i5,8,1024,SSD,Ubuntu,40,54,40,54,74,86,2023-04-23,Intel Iris,71,4
892,Apple,Intel i9,16,512,HDD,Windows 11,62,61,81,83,92,100,2023-08-18,AMD Radeon,24,6
893,Apple,Ryzen 7,16,1024,SSD,Windows 11,80,55,24,80,39,97,2023-10-10,RTX 3060,55,6
894,HP,Intel i7,16,512,HDD,Windows 10,53,75,85,64,53,75,2023-10-14,RTX 3080,42,8
895,Asus,Ryzen 5,8,1024,SSD,Windows 11,59,73,54,53,74,99,2023-06-04,GTX 1650,19,6
896,HP,Ryzen 5,32,1024,HDD,Windows 10,69,31,62,79,100,69,2023-06-14,RTX 3070,29,4
897,HP,Ryzen 5,16,256,HDD,MacOS,42,47,61,72,48,93,2023-07-01,Intel Iris,73,6
898,Apple,Intel i5,8,1024,HDD,Windows 11,60,62,64,46,100,100,2023-08-27,AMD Radeon,100,8
899,Dell,Intel i7,8,512,HDD,,43,35,39,33,100,98,2023-05-17,AMD Radeon,33,6
900,Dell,Ryzen 7,4,1024,SSD,Windows 11,67,30,1,54,67,81,2023-12-05,RTX 3070,32,6
901,HP,Ryzen 5,8,512,HDD,Ubuntu,57,38,35,90,62,75,2023-09-23,RTX 3070,7,6
902,Dell,Intel i5,16,512,SSD,Windows 11,59,48,27,82,52,57,2023-07-06,AMD Radeon,7,4
903,Dell,Ryzen 7,4,2048,HDD,Windows 10,43,30,57,37,68,84,2023-02-09,RTX 3080,22,8
904,Lenovo,Intel i5,8,512,SSD,Windows 11,65,33,55,36,34,63,2023-11-06,RTX 3070,31,2
905,Lenovo,Ryzen 5,16,1024,SSD,Windows 10,86,30,43,85,68,68,2023-06-16,Intel Iris,39,6
906,Apple,Intel i7,4,512,HDD,Ubuntu,39,67,93,37,100,62,2023-09-17,RTX 3070,53,4
907,Apple,Ryzen 9,,512,,Windows 11,49,63,33,70,54,73,2023-05-23,RTX 3070,44,2
908,HP,Intel i7,8,512,HDD,Ubuntu,58,54,1,47,63,79,2023-07-23,Intel Iris,54,6
909,HP,Intel i7,8,1024,SSD,Windows 10,66,51,52,92,27,84,2023-06-25,RTX 3060,27,6
910,HP,Intel i5,8,512,SSD,Windows 10,46,58,79,44,79,70,2023-09-19,RTX 3060,38,8
911,Lenovo,Intel i7,8,128,SSD,Windows 11,12,35,57,82,76,96,2023-09-09,RTX 3070,32,8
912,HP,Ryzen 7,4,512,SSD,MacOS,75,68,41,63,71,76,2023-11-25,GTX 1650,14,8
913,Asus,,16,128,SSD,Ubuntu,66,51,56,65,64,68,2023-07-19,RTX 3060,1,6
914,Lenovo,Intel i7,,,HDD,Windows 11,28,63,95,20,62,83,2023-07-18,RTX 3080,26,6
915,Lenovo,Intel i9,8,,HDD,Windows 11,45,63,28,15,82,100,2023-07-15,GTX 1650,1,6
916,Lenovo,Ryzen 5,16,512,SSD,Windows 10,78,58,50,55,69,85,2023-11-10,Intel Iris,17,6
917,HP,Ryzen 7,16,1024,SSD,,76,54,66,64,77,74,2023-03-18,RTX 3070,50,6
918,Apple,Ryzen 5,32,512,SSD,Ubuntu,69,53,56,37,75,57,2023-01-19,Intel Iris,43,12
919,Asus,Intel i7,8,1024,SSD,Windows 10,52,49,43,38,98,76,2023-03-03,RTX 3070,40,4
920,Dell,Intel i9,8,1024,SSD,Windows 11,56,57,39,71,86,83,2023-11-23,GTX 1650,63,12
921,Apple,Ryzen 5,8,2048,,Windows 10,53,53,42,71,74,74,2023-10-08,RTX 3080,25,2
922,Lenovo,Intel i5,16,512,SSD,,71,42,63,57,100,55,2023-09-07,RTX 3060,53,4
923,Apple,Ryzen 5,32,1024,SSD,Windows 10,41,59,61,75,80,67,2023-08-15,Intel Iris,23,4
924,Asus,Intel i7,8,512,SSD,Ubuntu,42,54,100,36,100,100,2023-05-07,RTX 3070,45,6
925,Lenovo,Ryzen 7,8,,HDD,Windows 10,70,68,11,52,85,100,2023-02-27,RTX 3060,43,4
926,Dell,Intel i5,32,128,HDD,Ubuntu,54,30,93,92,23,66,2023-07-23,RTX 3070,44,8
927,HP,Ryzen 5,32,1024,SSD,Ubuntu,75,50,44,61,100,90,2023-08-31,GTX 1650,32,8
928,Lenovo,Intel i9,,1024,HDD,Ubuntu,44,39,47,62,73,62,2023-11-28,RTX 3070,46,6
929,Asus,Ryzen 5,16,1024,SSD,Ubuntu,54,42,71,105,68,100,2023-11-22,RTX 3060,47,6
930,HP,Intel i5,8,256,SSD,MacOS,41,58,71,32,77,83,2023-09-09,RTX 3060,11,12
931,Dell,Ryzen 5,16,2048,SSD,Windows 10,55,30,78,75,61,94,2023-11-18,RTX 3080,56,8
932,Apple,Ryzen 5,16,256,SSD,Windows 11,32,51,84,93,75,54,2023-07-18,RTX 3080,15,6
933,,Ryzen 5,4,1024,,Windows 10,47,50,49,53,55,90,2023-12-09,RTX 3070,22,8
934,Lenovo,Ryzen 5,16,256,SSD,,33,34,84,77,100,79,2023-08-28,RTX 3060,44,6
935,Dell,Ryzen 5,16,512,SSD,Windows 11,65,52,34,40,67,92,2023-05-19,RTX 3080,51,6
936,HP,Ryzen 7,8,512,SSD,Ubuntu,65,38,42,46,60,93,2023-05-02,Intel Iris,44,4
937,Dell,Intel i7,16,512,SSD,Ubuntu,29,82,45,67,46,80,2023-02-18,Intel Iris,46,6
938,Apple,Ryzen 7,16,256,SSD,Windows 10,75,68,36,75,76,70,2023-10-31,Intel Iris,17,2
939,Dell,Intel i9,,256,SSD,Windows 10,92,51,51,82,74,91,2023-04-25,RTX 3060,29,4
940,Lenovo,Intel i5,4,512,SSD,Windows 10,55,43,72,91,79,79,2023-12-09,AMD Radeon,1,6
941,HP,Intel i5,8,1024,SSD,Windows 11,45,57,66,58,44,66,2023-09-08,RTX 3070,21,12
942,Lenovo,Intel i7,16,2048,SSD,Windows 10,97,61,34,83,29,66,2023-01-07,,13,12
943,Asus,Ryzen 7,8,256,SSD,Windows 10,35,53,32,53,85,57,2023-08-07,RTX 3070,40,6
944,Apple,Ryzen 5,16,512,SSD,MacOS,55,34,28,78,100,72,2023-03-18,RTX 3080,87,6
945,HP,Ryzen 7,16,256,SSD,,57,46,52,64,44,96,2023-06-28,RTX 3070,55,4
946,Dell,Intel i9,8,128,SSD,Windows 11,75,51,10,68,100,82,2023-05-25,RTX 3070,1,6
947,Dell,Intel i9,16,1024,SSD,Windows 11,60,54,27,68,77,72,2023-06-03,Intel Iris,9,2
948,Apple,Intel i5,16,1024,SSD,Windows 10,47,54,38,27,69,92,2023-05-01,Intel Iris,14,4
949,Apple,Intel i7,8,256,SSD,Ubuntu,40,60,76,37,60,67,2023-05-04,,4,6
950,Lenovo,Intel i9,32,256,SSD,MacOS,49,70,46,62,35,81,2023-05-30,GTX 1650,34,4
951,Asus,Intel i5,32,128,SSD,Windows 10,39,65,75,26,94,77,2023-09-25,RTX 3080,44,2
952,Asus,Intel i7,16,1024,HDD,Windows 10,55,58,54,76,50,91,2023-11-23,RTX 3060,14,8
953,Dell,Ryzen 5,16,,SSD,Ubuntu,46,31,38,77,50,56,2023-01-01,,35,4
954,Apple,Ryzen 5,8,256,SSD,Ubuntu,32,67,39,66,94,67,2023-06-10,GTX 1650,44,2
955,Lenovo,,32,256,SSD,Windows 10,73,62,20,37,22,55,2023-09-01,Intel Iris,53,2
956,HP,Ryzen 7,16,2048,SSD,Ubuntu,47,46,100,87,31,76,2023-09-08,RTX 3080,43,4
957,Lenovo,Ryzen 5,16,2048,SSD,Windows 11,35,50,77,100,69,98,2023-03-05,RTX 3080,46,4
958,Dell,Intel i9,32,512,SSD,Windows 11,52,50,65,62,77,72,2023-10-26,AMD Radeon,39,8
959,Dell,Ryzen 5,8,256,HDD,Ubuntu,56,43,17,70,82,72,2023-09-05,RTX 3060,19,4
960,Asus,Ryzen 7,32,128,SSD,MacOS,28,30,38,64,62,93,2023-10-24,RTX 3070,24,8
961,Dell,Intel i5,8,1024,SSD,Windows 11,59,33,25,70,100,96,2023-04-25,RTX 3060,13,4
962,Asus,Intel i9,8,512,HDD,MacOS,39,36,53,57,64,78,2023-10-22,Intel Iris,69,6
963,HP,Ryzen 7,8,128,HDD,Windows 11,80,30,26,59,64,90,2023-01-01,RTX 3060,10,6
964,HP,Intel i7,,1024,SSD,Ubuntu,62,33,33,78,50,63,2023-02-10,RTX 3060,59,6
965,HP,Ryzen 5,32,128,SSD,Windows 11,49,67,27,100,73,100,2023-06-22,RTX 3070,10,6
966,HP,Ryzen 5,16,1024,HDD,MacOS,43,57,44,31,85,100,2023-03-29,RTX 3080,55,12
967,Asus,Intel i5,16,512,,MacOS,53,35,51,57,100,87,2023-04-08,RTX 3080,59,4
968,HP,Intel i7,16,128,SSD,Windows 10,64,39,44,36,32,48,2023-03-29,RTX 3060,63,6
969,Lenovo,Intel i7,32,1024,,MacOS,54,68,88,91,63,71,2023-09-08,AMD Radeon,19,8
970,Lenovo,Intel i5,8,512,SSD,MacOS,51,68,70,48,81,89,2023-12-01,AMD Radeon,43,2
971,Asus,Intel i5,8,,SSD,Ubuntu,55,51,30,31,84,73,2023-05-21,RTX 3070,27,2
972,Apple,Ryzen 7,8,512,SSD,Windows 10,45,67,58,72,70,99,2023-03-12,Intel Iris,22,4
973,Asus,Intel i7,16,512,SSD,MacOS,49,38,32,94,83,88,2023-05-17,GTX 1650,40,6
974,HP,Intel i9,16,1024,SSD,MacOS,23,53,40,73,49,69,2023-04-09,RTX 3070,56,4
975,Dell,Intel i7,8,512,HDD,Windows 10,69,30,61,64,100,80,2023-05-31,RTX 3070,28,4
976,HP,Ryzen 7,4,2048,SSD,,59,44,66,68,94,66,2023-06-24,RTX 3080,46,6
977,Lenovo,Intel i7,32,512,HDD,Windows 10,43,50,35,88,36,77,2023-06-16,RTX 3080,21,6
978,Dell,Intel i9,4,512,HDD,Windows 10,83,30,22,42,43,71,2023-12-09,RTX 3070,19,4
979,Lenovo,Ryzen 7,16,256,HDD,Windows 11,56,58,52,57,43,97,2023-09-14,Intel Iris,33,4
980,Lenovo,Ryzen 7,,512,HDD,Windows 11,39,61,60,50,86,100,2023-08-12,RTX 3080,34,6
981,HP,Intel i5,8,1024,,Ubuntu,67,65,34,36,37,58,2023-11-26,GTX 1650,53,12
982,Asus,Ryzen 7,8,1024,HDD,Windows 10,60,85,70,53,61,51,2023-03-06,RTX 3060,14,6
983,Dell,Intel i9,16,256,SSD,,999,56,65,82,81,76,2023-03-10,RTX 3080,83,8
984,Dell,Intel i9,32,256,SSD,Windows 10,48,49,33,71,68,57,2023-03-08,RTX 3070,4,4
985,Asus,Intel i5,16,1024,SSD,Windows 10,61,30,78,72,76,80,2023-02-19,RTX 3080,44,4
986,Lenovo,Intel i5,,2048,HDD,Windows 10,51,55,79,62,43,91,2023-11-10,Intel Iris,34,6
987,Asus,Ryzen 5,4,256,SSD,Windows 11,63,58,100,70,84,100,2023-11-05,Intel Iris,27,8
988,Lenovo,Intel i9,16,512,SSD,MacOS,26,30,92,43,54,83,2023-04-01,RTX 3070,36,6
989,HP,Intel i9,16,512,SSD,Ubuntu,48,46,27,53,61,77,2023-04-25,GTX 1650,53,8
990,Apple,Ryzen 5,32,2048,SSD,MacOS,80,50,73,63,75,50,2023-02-26,AMD Radeon,56,
991,Asus,Ryzen 7,8,256,,Windows 10,43,57,71,65,72,80,2023-12-08,GTX 1650,35,2
992,Asus,Intel i5,32,256,SSD,Windows 11,999,62,41,66,70,81,2023-01-18,RTX 3060,46,2
993,HP,Ryzen 5,16,1024,SSD,Windows 11,48,41,61,57,51,89,2023-09-29,GTX 1650,13,4
994,Lenovo,Intel i5,8,256,SSD,Windows 11,36,53,3,52,62,69,2023-05-10,RTX 3060,36,4
995,HP,Ryzen 7,8,512,HDD,Windows 10,21,58,2,100,70,73,2023-09-26,Intel Iris,47,4
996,Dell,Ryzen 5,32,512,SSD,Ubuntu,51,47,7,78,35,57,2023-03-21,RTX 3080,1,8
997,Apple,Ryzen 9,8,512,HDD,Windows 11,57,43,59,68,58,45,2023-10-26,RTX 3070,41,2
998,Dell,Intel i5,8,512,SSD,Ubuntu,54,60,60,55,79,63,2023-11-06,RTX 3060,36,4
999,,Intel i5,8,512,SSD,Windows 11,52,47,43,50,38,56,2023-07-21,RTX 3070,65,4
1000,Lenovo,Intel i7,32,256,SSD,Windows 10,55,32,93,57,98,85,2023-08-13,AMD Radeon,43,12
